#,Ann‚e,Score,Metascore,Genre,Revenu ($US),Votes
1,1994,9.3,80,7,28.34,2011509
2,2008,9,84,1,534.86,1980200
3,2010,8.8,74,1,292.58,1760209
4,1999,8.8,66,7,37.03,1609459
5,1994,8.9,94,6,107.93,1570194
6,1994,8.8,82,7,330.25,1532024
7,2001,8.8,92,2,315.54,1448561
8,1999,8.7,73,1,171.48,1443130
9,2003,8.9,94,1,377.85,1431887
10,1972,9.2,NA,6,134.97,1378253
11,2012,8.4,78,1,448.14,1338413
12,2002,8.7,87,2,342.55,1294351
13,1995,8.6,65,6,100.13,1229411
14,2014,8.6,74,2,188.02,1223159
15,2000,8.5,67,1,187.71,1162557
16,2012,8.4,81,7,162.81,1159647
17,2005,8.3,70,1,206.85,1150820
18,2012,8.1,69,1,623.36,1130818
19,1977,8.6,90,1,322.74,1080484
20,1991,8.6,85,6,130.74,1079027
21,2009,8.3,69,2,120.54,1072040
22,1998,8.6,90,7,216.54,1060126
23,1993,8.9,93,4,96.07,1038237
24,2006,8.5,85,6,132.38,1034138
25,2006,8.5,66,7,53.09,1022475
26,1980,8.8,82,1,290.48,1010230
27,2009,7.8,83,1,760.51,1007157
28,2000,8.5,80,13,25.54,997174
29,2013,8.2,75,4,116.9,983338
30,1999,8.5,61,6,136.8,962692
31,2010,8.1,63,13,128.01,961772
32,1999,8.4,86,7,130.1,959669
33,1974,9,90,6,57.3,954273
34,2003,8,63,1,305.41,937648
35,2005,8.2,62,1,70.51,924075
36,1998,8.5,62,6,6.72,917322
37,1997,7.8,75,7,659.33,916429
38,1985,8.5,87,2,210.61,890767
39,2014,8.1,76,1,333.18,883295
40,1994,8.6,64,6,19.5,882106
41,1995,8.6,77,6,23.34,873083
42,1991,8.5,75,1,204.84,872431
43,2003,8.1,69,1,70.1,870077
44,2008,8.4,95,3,223.81,869198
45,1990,8.7,89,6,46.84,866809
46,1995,8.4,68,4,75.6,864362
47,2003,8.1,90,3,380.84,833650
48,1983,8.3,58,1,309.13,829263
49,1999,8.1,64,7,293.51,817611
50,2008,7.9,79,1,318.41,816146
51,2009,8.3,88,3,293,808692
52,1998,8.1,90,5,125.62,803859
53,1975,8.7,80,7,112,799024
54,2004,8.3,89,7,34.4,793535
55,1994,8.5,83,3,312.9,792564
56,1992,8.3,79,6,2.83,791309
57,1981,8.5,85,1,248.16,778688
58,2012,7.2,68,2,408.01,777498
59,2016,8,65,1,363.07,771725
60,2015,8,81,1,936.66,758028
61,1995,8.3,95,3,191.8,756726
62,1993,8.1,68,2,402.45,751094
63,1980,8.4,63,7,44.02,745066
64,2015,8.1,90,1,153.64,741818
65,2001,8.2,72,4,170.74,740906
66,2007,8.1,91,6,74.28,736399
67,1997,8.3,70,7,138.43,735338
68,2014,8.1,79,6,167.77,725771
69,2008,8,86,7,141.32,725665
70,2001,8.1,78,3,289.92,708404
71,2005,8,74,6,74.1,705925
72,2012,7.9,58,2,303,704137
73,1984,8,84,1,38.4,703540
74,2000,8.3,55,5,30.33,696147
75,1988,8.2,70,1,83.01,693516
76,1979,8.5,83,11,78.9,686308
77,2013,7.7,96,7,274.09,680946
78,2002,8.1,75,4,164.62,680924
79,2001,8.1,88,7,1.48,678546
80,2000,8.3,68,7,3.64,676482
81,2006,7.7,52,1,210.61,675043
82,2011,8.1,87,2,381.01,662998
83,1971,8.3,80,6,NA,662768
84,2013,7.2,62,1,409.01,654177
85,2010,8.3,92,3,415,653627
86,2009,7.7,73,5,277.32,650821
87,2008,8.1,72,7,148.1,650579
88,2011,7,57,1,181.03,641916
89,2015,8,80,2,228.43,641508
90,2011,8.5,57,4,13.18,640539
91,1983,8.3,65,6,45.6,638566
92,1998,8.1,71,5,17.5,636671
93,1999,6.5,51,1,474.54,631142
94,2001,8.3,69,5,33.23,630513
95,2010,8,79,7,106.95,627692
96,2013,7.1,55,1,291.05,626172
97,2002,8.6,79,6,7.56,621575
98,2011,6.9,66,1,176.65,620932
99,2014,7.8,70,1,259.77,620901
100,2002,7.3,73,1,403.71,619601
101,2010,7,57,1,312.43,618858
102,2005,7.6,68,1,380.26,616951
103,2007,7.2,65,7,256.39,614342
104,1976,8.3,94,6,28.26,611197
105,2015,7.4,66,1,459.01,610673
106,2002,8.5,85,4,32.57,610645
107,1989,8.3,65,1,197.17,609450
108,2014,8.1,88,2,59.1,606255
109,2012,7.7,81,5,132.09,604275
110,1982,8.2,89,15,27,603815
111,2014,8,75,1,233.92,598473
112,1966,8.9,90,17,6.1,596164
113,2006,7.3,53,1,423.32,596150
114,2014,8,73,4,91.13,591544
115,2004,8,83,1,66.21,590542
116,2009,7.9,81,15,115.65,590110
117,2011,7.7,65,1,146.41,589880
118,1987,8.3,76,7,46.36,584943
119,2010,8.1,74,3,217.58,582998
120,2015,8,76,1,183.64,581502
121,1986,8.4,84,1,85.16,580304
122,2012,7.8,81,1,304.36,578739
123,2014,8.5,88,7,13.09,576916
124,2010,8,88,4,138.8,575226
125,2004,8,90,3,261.44,571155
126,1996,8.2,83,7,16.5,570676
127,2007,8,85,1,227.47,569967
128,2004,8.1,86,7,100.49,568459
129,1957,8.9,96,6,4.36,563791
130,2013,7.5,76,1,424.67,560434
131,2007,7.1,61,1,319.07,558143
132,2013,8.1,96,4,56.67,553594
133,2002,6.6,54,1,310.68,553222
134,2006,8.2,98,7,37.63,553035
135,2010,7.7,95,4,96.96,552602
136,2007,8,96,3,206.45,552488
137,2013,7.8,66,2,258.37,550643
138,2016,6.5,44,1,330.36,550363
139,2009,8,82,1,257.73,548626
140,1996,8.1,85,6,24.61,541549
141,2001,7.6,64,2,317.58,541278
142,2007,7.1,50,1,309.42,540769
143,2001,7.9,84,3,267.67,538286
144,2013,7,63,1,202.36,536072
145,2013,7.3,50,6,117.72,535029
146,2009,7.6,57,1,209.03,534963
147,2016,7.8,75,1,408.08,529435
148,2001,8.6,96,3,10.06,529063
149,1995,8,74,13,57.14,529038
150,2008,7.8,50,1,145,528015
151,1979,8.5,94,7,83.47,527542
152,2012,7,64,2,126.48,526640
153,2006,8,80,1,167.45,525565
154,1997,8.6,59,5,57.6,525528
155,2014,7.9,71,1,100.21,525439
156,2012,6.9,62,5,218.82,525166
157,1993,8,72,5,70.91,523083
158,2008,7.8,70,7,127.51,523001
159,2014,7.7,60,1,128.26,522404
160,2012,7.7,86,4,136.03,520268
161,1968,8.3,82,2,56.95,519401
162,2000,7.4,64,1,157.3,518794
163,2015,7,59,1,652.27,517994
164,2017,8.1,77,1,226.28,516939
165,2018,8.6,68,1,678.82,515214
166,2012,7.9,79,2,124.99,515029
167,1960,8.5,97,11,32,513004
168,2012,7,66,1,262.03,509946
169,2007,8.1,73,2,18.35,508614
170,1995,8.2,76,6,67.44,506545
171,2013,7,54,1,206.36,506030
172,2011,7.8,78,6,35.06,504604
173,2015,8.2,94,3,356.46,504101
174,2013,8.1,74,6,61,502051
175,2016,6.1,40,1,325.1,499494
176,2013,7.5,74,3,400.74,496031
177,2014,7.7,88,5,42.34,495330
178,1975,8,87,2,260,493026
179,2012,7.4,84,1,66.49,486278
180,2010,7.6,66,1,48.07,485411
181,1996,7,59,1,306.17,482456
182,2004,7.3,83,1,373.59,481570
183,1998,8.2,66,5,3.9,478907
184,1997,8.3,90,6,64.62,478688
185,2011,7.4,59,13,79.25,477138
186,2016,7.9,81,7,100.55,476502
187,2007,7.6,76,5,121.46,470567
188,2002,7.4,63,2,261.99,467717
189,2003,7.2,62,1,281.49,466144
190,2003,7.5,68,1,214.95,465541
191,2012,7.2,69,1,138.45,464483
192,2005,7.7,81,2,290.01,463911
193,2004,7.9,82,2,249.36,463525
194,2002,7.9,68,1,121.66,463379
195,2011,7.6,68,1,176.76,462325
196,2001,7.8,74,6,183.42,461381
197,1997,7.3,71,2,250.69,459934
198,1942,8.5,NA,7,01.02,458443
199,2004,7.9,53,7,81,456973
200,2000,7.8,73,2,233.63,456944
201,2016,7.5,72,1,232.64,456589
202,2007,7.5,81,5,143.5,456317
203,2015,7.3,64,1,180.2,455874
204,2002,7.7,80,1,132.07,455854
205,2004,7.9,76,5,13.54,454096
206,1976,8.1,70,7,117.24,454014
207,2006,8,64,2,57.37,451057
208,1999,7.9,88,3,245.85,448889
209,2004,7.1,59,1,144.8,448795
210,2010,7.7,72,3,251.51,447381
211,2016,7.8,65,1,532.18,447193
212,2007,8.1,93,7,40.22,447035
213,1975,8.3,93,2,1.23,444846
214,2007,6.2,59,1,336.53,444253
215,2013,8,90,7,25.57,443968
216,2017,7.5,76,1,412.56,443735
217,2009,7.7,73,2,75.59,442996
218,2009,7.6,56,1,107.51,440466
219,2013,7,54,1,89.02,440385
220,2011,7.5,74,13,54.71,438969
221,2003,8.4,74,1,0.71,438781
222,2013,7.7,72,1,228.78,438358
223,2006,6.7,58,1,234.36,437480
224,2004,7.2,56,7,133.38,437298
225,2013,6.9,65,1,101.8,433774
226,2011,6.6,45,1,241.07,433283
227,1988,8,65,7,172.83,429976
228,2007,7.5,71,2,292,429727
229,2009,7.7,76,5,32.39,429267
230,2017,7.9,94,1,188.37,426292
231,2011,7.4,68,5,84.35,425849
232,2017,7.2,85,1,620.18,423548
233,2014,7.4,59,2,255.12,423364
234,2009,6.6,40,1,179.88,421476
235,2011,6.5,44,5,254.46,420716
236,2017,7.7,67,1,389.81,419351
237,2013,7.3,55,7,144.84,418727
238,2000,7.6,64,6,15.07,415929
239,2011,7.4,73,1,209.4,414434
240,2006,7.9,84,7,35.55,413512
241,2007,7.9,81,1,23.64,411037
242,2012,8,67,7,17.74,410826
243,2018,7.4,88,1,700.06,408556
244,2004,7.7,30,15,57.94,408368
245,2015,7.8,68,6,54.12,407794
246,2013,7.3,90,6,150.12,406514
247,1989,7.8,57,2,118.5,406374
248,2003,6.7,47,1,139.31,404460
249,1990,7.9,74,7,56.36,403576
250,2014,7.3,68,1,43.04,403369
251,2005,6.5,55,1,186.34,402146
252,2010,7.7,65,2,295.98,401913
253,1964,8.4,96,5,0.28,401641
254,2014,7.7,78,7,25.44,401039
255,2016,8.1,93,5,151.1,400334
256,2006,7.8,80,5,59.89,399023
257,1995,8.2,73,6,42.44,398976
258,2017,7.9,74,1,315.06,398937
259,2008,6.4,49,1,227.95,397877
260,2004,7.8,73,1,176.24,397405
261,2009,7.6,78,2,301.96,394848
262,2004,7.8,69,6,54.58,393642
263,2006,8,64,4,163.57,392405
264,2011,8.2,71,7,13.66,392008
265,1997,7.7,52,1,63.54,390221
266,2011,6.9,57,5,117.54,390175
267,2014,6.7,48,1,150.95,389070
268,2013,8,84,4,27.3,388547
269,2014,6.4,61,1,126.66,388048
270,1984,7.6,57,1,179.87,387894
271,2014,7.3,72,1,350.13,386975
272,2013,6.7,61,1,132.56,386792
273,2013,6.6,61,1,93.05,384864
274,2014,7.9,76,6,32.38,383875
275,2011,7.5,48,1,186.85,383191
276,2002,7.5,60,3,176.39,382956
277,2003,8,58,2,66.26,382426
278,2008,5.2,56,7,191.47,382226
279,1954,8.5,NA,13,36.76,382118
280,1990,7.5,63,5,285.76,381633
281,2008,7.6,94,7,17.02,380922
282,2008,6.8,61,1,134.52,380629
283,2014,7.6,79,1,208.55,379610
284,2011,8.1,62,7,169.71,379567
285,2013,8.1,75,1,26.95,379551
286,2008,6.2,65,1,317.1,378937
287,2003,8,84,6,90.14,378600
288,2005,6.5,73,2,234.28,376642
289,1991,8,95,3,218.97,376089
290,2013,7.8,83,4,107.1,375852
291,2011,7.8,71,6,102.52,375842
292,2013,7.5,68,11,137.4,375621
293,2014,6.6,53,1,202.85,374771
294,2014,6.8,57,1,102.43,374276
295,2005,6.7,72,2,206.46,374228
296,2004,6.4,47,1,186.74,374043
297,2007,7.7,78,6,33.08,373282
298,2008,6.6,58,1,168.37,368288
299,2014,7.6,64,1,85.82,367058
300,2003,7.6,55,5,59.7,366783
301,2017,7.5,73,1,334.2,366656
302,2014,6.7,64,1,337.14,364896
303,2004,7.2,75,3,436.47,364445
304,2007,7.1,69,1,134.53,364151
305,2003,7.8,89,7,44.59,364097
306,2008,7.6,73,3,215.43,363871
307,2006,6.6,46,13,217.54,361595
308,2013,7,44,5,150.39,360972
309,2002,7.5,72,6,77.81,360648
310,1998,6.6,42,1,201.57,360318
311,2003,7.7,55,1,111.11,359662
312,2016,8,78,3,341.27,358823
313,2011,6.3,42,1,352.39,358091
314,2007,7.8,76,4,130.16,357484
315,1999,7,48,1,155.25,356961
316,2005,7.2,81,1,218.08,356854
317,2009,6,35,1,402.11,356457
318,2004,7.3,55,5,77.87,352958
319,2008,7.9,67,5,7.76,351719
320,2005,7.1,73,5,109.45,351699
321,1941,8.4,NA,7,1.59,351332
322,2013,6.6,67,5,101.47,351249
323,2010,7.8,71,3,200.82,349583
324,2014,7.8,74,3,222.53,349288
325,1989,8.1,79,5,95.86,348560
326,2010,6.5,53,2,334.19,347838
327,1996,7.1,59,1,180.98,347444
328,2011,7.7,81,5,56.82,346366
329,2001,7.7,69,6,76.63,346230
330,1987,8.1,77,2,30.86,345662
331,1999,7,58,5,102.56,344763
332,2008,7,71,1,110.52,343513
333,2004,7.6,46,11,56,343009
334,2008,7,64,1,80.05,342450
335,1990,7.4,55,2,87.73,342129
336,2014,7.7,72,4,35.89,341865
337,2015,8.1,93,6,45.06,341183
338,1986,8.1,92,7,138.53,341065
339,2003,6.3,66,1,150.37,340956
340,2017,7.7,84,11,176.04,340824
341,2015,6.8,60,1,200.07,340807
342,1939,8,NA,2,22.2,340733
343,2017,8,81,7,92.05,340588
344,2016,8.1,71,4,67.21,339420
345,2013,7.1,61,1,238.68,338606
346,2011,6.7,53,1,37.52,338465
347,1946,8.6,89,7,7.27,337782
348,2014,6.4,62,1,200.68,337636
349,2002,7.6,73,7,45.06,337118
350,2003,6.7,46,5,242.83,336276
351,1987,7.8,45,1,59.74,335110
352,2016,7,52,1,155.44,333399
353,2008,6.7,64,1,134.51,332605
354,2013,7.4,62,3,368.06,332082
355,1995,7.6,58,1,100.01,332067
356,2006,7.6,68,7,39.87,330928
357,2017,7.6,86,1,107.83,330580
358,1997,6.5,59,1,229.09,330433
359,2001,7.7,74,7,108.64,329793
360,1992,8.2,85,7,101.16,328650
361,2005,6.9,75,2,291.71,328110
362,2004,7.5,71,6,101.01,327435
363,2006,6.9,62,5,124.74,327174
364,2012,7,72,5,42.07,326341
365,2015,7.2,67,1,353.01,326159
366,2010,7.5,69,1,31.49,325766
367,2006,7.3,89,5,128.51,325563
368,1982,7.9,91,8,435.11,325439
369,2007,7,85,5,148.73,324908
370,1984,8.3,93,4,51.97,324211
371,2012,7.1,69,3,237.28,323424
372,1986,8.1,75,2,52.29,323379
373,2004,6.5,58,6,125.54,322800
374,1979,8.1,75,5,20.05,321786
375,1973,8,82,11,232.91,321334
376,2004,7.7,61,7,01.08,321223
377,2011,7.3,66,1,209.84,321141
378,1994,7.3,41,5,127.18,320947
379,2016,7.4,66,2,234.04,320931
380,2010,7.1,72,5,58.4,319622
381,2012,7.7,72,3,189.42,319614
382,2012,7.5,55,1,27.11,319356
383,2009,5.8,49,1,166.11,318941
384,1982,8.1,57,11,13.78,317593
385,1990,7.6,60,6,66.67,317490
386,2011,7.6,87,4,75.61,317419
387,1997,7.3,82,1,112.23,317159
388,2017,7.4,69,11,327.48,315870
389,2005,6.9,57,3,193.6,315310
390,2003,7,68,1,106.13,314968
391,2010,7.6,82,2,18.34,314796
392,2007,7.4,83,7,52.9,314774
393,2011,7,72,13,127,314561
394,2010,7.6,74,6,92.19,314234
395,2009,6.6,49,1,125.32,313432
396,1984,7.8,71,1,238.63,313186
397,2006,7.1,73,3,244.08,312594
398,2001,6.8,58,1,144.53,310889
399,2006,8.4,89,7,11.29,310304
400,2015,7.6,82,1,46.89,309927
401,2014,7.9,NA,7,25.38,308492
402,2014,7,71,1,191.72,308485
403,2011,6.6,63,5,55.8,308230
404,2010,7.8,79,4,93.62,308187
405,2000,7.3,62,7,95.01,307482
406,1992,8,86,3,217.35,307112
407,2005,7,64,5,209.22,307078
408,1985,7.9,62,5,45.88,306619
409,1958,8.3,NA,13,3.2,306510
410,2001,7.6,74,11,96.52,305795
411,2006,7.6,76,6,88.51,305586
412,2004,8.1,79,4,23.53,305476
413,2002,6.7,59,7,227.97,305406
414,1997,7.8,61,7,48.32,304379
415,1989,7.6,69,1,251.19,303963
416,1994,6.9,56,5,119.94,303852
417,1990,7.1,67,1,117.54,303538
418,2009,7.9,67,7,05.01,302851
419,2008,6.8,46,5,97.69,302765
420,2014,7.7,69,7,124.87,302534
421,2002,6.1,49,1,190.42,300722
422,2010,6.5,45,1,103.07,300642
423,2004,7.2,63,5,85.29,300194
424,2004,7.5,77,4,102.61,299257
425,2004,7.7,47,1,77.91,298997
426,1999,7.4,65,9,101.07,298615
427,2012,6.8,58,1,179.02,298051
428,2010,6.6,51,2,100.54,297521
429,2004,6.8,48,5,120.91,296289
430,2006,6.9,66,1,134.03,296059
431,2015,7.4,75,1,195.04,296029
432,2011,7.7,72,5,35.01,295343
433,2009,7.4,83,7,83.82,295116
434,2012,7.3,76,7,93.77,294478
435,2004,8.2,82,4,5.51,294286
436,2014,7,56,1,241.41,293827
437,1997,7.5,60,7,60.98,293573
438,1994,7.2,78,1,121.25,293508
439,2018,7.8,66,1,318.49,293332
440,2016,7.3,62,11,138.29,292052
441,2017,6.5,45,1,229.02,291354
442,2005,7.7,87,7,83.04,291338
443,2015,8.2,86,7,14.68,291082
444,2005,5.7,40,1,154.7,290872
445,2014,7.8,83,3,257.76,290865
446,2015,7.8,81,4,70.26,290328
447,2002,7.1,57,11,129.13,290305
448,2004,7,66,5,86.06,290028
449,2007,6.9,62,6,117.15,289806
450,2010,6.8,49,1,172.06,289698
451,2017,8.2,88,5,54.51,289654
452,2002,7.5,33,1,1.2,289560
453,2016,7,41,7,100.01,287733
454,2000,7,73,5,166.24,287008
455,2001,6.1,44,1,198.54,286347
456,1996,7.4,58,1,134.07,286115
457,2008,7,64,1,87.34,285318
458,2007,7.2,53,1,47,284878
459,2007,7.3,80,3,183.14,284737
460,2009,8.4,67,5,6.53,284324
461,2006,7.8,53,6,22.49,284276
462,2005,6.9,50,1,35.82,283845
463,2014,7.2,57,1,101.53,283539
464,1999,7.8,90,5,22.86,282299
465,2012,7.8,84,2,45.51,281976
466,2001,8,83,7,7.22,281504
467,2000,6.1,59,1,215.41,280861
468,1997,8.4,76,3,2.38,280623
469,1986,7.8,61,5,70.14,280251
470,2013,7.3,65,3,268.49,279625
471,2004,6.9,39,1,173.01,279543
472,2014,6.6,52,5,6.11,279106
473,2011,7.1,56,1,85.47,278828
474,2008,7,63,5,60.36,278689
475,1980,8.2,89,4,23.38,277629
476,2011,7.5,83,2,73.86,277471
477,2012,7.6,63,7,148.81,277301
478,2001,6.3,48,1,202.02,276681
479,2004,6.9,72,1,59.62,276479
480,2006,6.4,45,5,137.36,276076
481,2014,5.7,32,1,245.44,275978
482,1978,8.1,81,7,48.98,275432
483,2006,6.4,48,2,250.86,275202
484,2012,7,50,1,80.07,275153
485,2010,7.6,80,2,171.24,273852
486,2008,7.9,81,7,26.24,273134
487,1997,7.5,64,6,39.67,272436
488,1954,8.7,98,2,0.27,272331
489,2005,7.6,62,6,24.15,271943
490,2012,6.6,51,1,85.02,271622
491,2010,6.4,65,1,118.31,271514
492,2005,6.6,58,5,179.5,271188
493,1990,7.5,57,1,119.39,270775
494,2015,4.1,46,7,166.17,269653
495,2004,8.2,80,3,4.71,269597
496,2006,7.1,59,1,64.04,269171
497,1998,7.1,69,5,176.48,269048
498,2005,7,50,1,75.98,268867
499,2013,7.3,54,2,58.24,268722
500,2001,7.1,65,2,78.62,268324
501,2006,7.5,69,7,34.3,267737
502,1994,7.6,59,7,105.26,267706
503,2008,6.1,35,1,80.17,266362
504,2012,6.3,45,1,139.85,266328
505,1984,8.4,NA,6,5.32,265566
506,2010,7.1,60,1,90.38,265556
507,1999,8,77,7,22.46,264570
508,2006,7.8,68,1,50.87,264486
509,2005,7.9,74,1,25.51,264263
510,1999,7.4,68,7,55.69,263637
511,2007,7.7,76,1,53.61,263354
512,2002,6.8,51,1,25.3,263207
513,2009,6.7,48,5,163.96,262662
514,1962,8.3,87,6,NA,262064
515,2012,6.7,61,1,113.2,261994
516,1959,8.3,98,2,13.28,261554
517,2008,7.6,36,7,69.95,261431
518,2010,6.9,53,1,94.84,261412
519,2001,5.9,42,1,181.17,261245
520,2017,7.4,87,2,63.86,260892
521,2013,5.8,30,5,112.2,260725
522,1968,8.5,80,17,5.32,260576
523,1999,7.3,70,5,38.18,260280
524,2014,7.8,76,3,177,260221
525,1993,8,82,3,75.08,259281
526,1995,6.9,39,2,100.48,258941
527,2009,7.7,53,4,255.96,257963
528,2014,6.3,68,5,150.16,257464
529,2006,6.1,72,1,200.08,256717
530,1974,8.2,92,7,29.2,256589
531,1939,8.2,97,7,198.68,255457
532,2000,7.8,69,2,45.51,255436
533,2009,7,70,4,97.1,255301
534,2014,6.2,48,1,106.58,255181
535,2007,7.2,58,11,25.59,253615
536,1996,7.2,65,11,103.05,253434
537,2012,6.1,57,1,155.33,253354
538,1986,6.9,50,1,179.8,253342
539,1997,7.8,64,7,12.34,252332
540,2015,7.6,81,7,72.31,251694
541,1997,6.9,70,5,181.41,251286
542,1996,7.3,48,1,25.75,251051
543,2010,5.8,39,1,163.21,250649
544,1997,6.8,52,1,101.12,250504
545,1997,7.8,76,4,41.91,249864
546,1990,7,51,5,178.41,249264
547,2013,7.8,55,5,15.32,248792
548,2010,6.6,50,1,90.76,248166
549,2016,7.2,76,7,71.9,247999
550,1997,7.7,67,5,148.48,247815
551,1992,6.7,NA,2,173.59,247800
552,2002,7.2,78,7,67.36,247555
553,1987,7.9,79,6,76.27,247430
554,2017,7.5,75,1,92.03,247315
555,2012,7.2,66,5,65,247277
556,1994,6.9,37,5,72.22,246934
557,1992,6.4,59,1,55.47,246827
558,2001,7.6,66,7,57.39,246739
559,2011,5.5,39,1,116.6,246702
560,1997,7.2,51,1,54.81,245716
561,1992,7,68,1,162.83,245143
562,2009,6.7,48,13,133.38,245124
563,2009,7.4,34,6,73.34,244472
564,2005,7.2,63,1,47.4,244321
565,2007,6.1,58,3,320.71,244289
566,2010,6.8,52,11,54.01,244092
567,2011,6.8,75,5,169.11,243663
568,2012,7.4,95,7,95.72,243453
569,2012,6.4,58,5,59.65,243244
570,2009,4.7,44,2,296.62,242143
571,2008,7.2,67,5,63.17,242016
572,1998,7.2,77,3,162.8,240414
573,2000,6.5,35,1,101.65,240278
574,2013,7.5,60,1,125.1,239153
575,2008,6.9,51,5,100.47,239007
576,2001,7.6,76,5,52.36,239003
577,1993,7.8,87,1,183.88,238621
578,1995,7.6,77,2,173.84,238000
579,2015,6.6,65,1,281.72,237736
580,1998,7.7,41,2,10.68,236720
581,2003,7.1,82,5,81.26,236549
582,2007,7,NA,1,NA,236539
583,2007,6.8,64,7,71.99,236461
584,2007,7,78,7,28.64,236366
585,2018,7.6,64,1,137.02,236289
586,2000,7.9,93,1,128.08,235548
587,1999,7.1,66,5,116.09,235221
588,2009,6.6,46,1,155.06,235043
589,2003,7,42,1,51.97,234231
590,2007,7.7,66,2,38.63,234103
591,2010,6.7,53,1,105.27,234091
592,2003,5.7,54,1,132.18,234049
593,2012,6.6,51,1,73.08,233583
594,2007,5.6,45,1,131.92,233468
595,2004,6.3,41,5,279.26,232974
596,2008,7,78,1,75.75,232825
597,1962,8.3,NA,2,44.82,232574
598,1967,8,77,5,104.95,232349
599,2015,7.3,56,1,45.45,231584
600,1977,8,92,5,39.2,231295
601,2000,7.2,63,1,113.33,231288
602,2013,6.6,41,1,28.8,231265
603,2016,7.4,77,2,364,231244
604,2002,7.1,56,6,46.57,231203
605,2001,6.8,57,6,165.09,231164
606,2002,6.8,65,6,96.4,231008
607,2010,6.8,47,1,77.22,230868
608,2017,8.4,81,3,209.73,230330
609,2011,6.9,56,1,63.69,230248
610,2000,7.9,90,2,32.53,229864
611,2013,6.5,41,1,98.93,229354
612,2012,7.1,60,1,13.41,229301
613,1997,7.4,62,7,100.92,229142
614,2001,6.9,45,9,100.61,228908
615,2012,8.3,77,7,0.69,228628
616,1995,8.1,77,7,5.54,228608
617,2014,7,56,1,92.17,228157
618,2015,6.5,38,1,89.76,226494
619,2007,7.7,72,6,20.3,226356
620,2013,7.1,84,1,4.56,226166
621,1988,8.2,86,3,NA,226126
622,2002,7.2,60,6,93.15,226058
623,2002,6.7,33,1,40.12,225961
624,2018,7.6,82,7,188.02,225721
625,2016,7.4,70,1,36.26,225702
626,2006,6.8,58,3,195.33,225551
627,2001,6.6,61,5,45.17,225501
628,2012,7.1,69,7,64.58,225055
629,2013,7,81,1,26,224099
630,1992,8,59,7,63.9,224095
631,2011,6.8,64,1,51.58,224053
632,2012,6.3,43,1,58.88,223602
633,2002,7.7,72,6,104.45,223378
634,2003,5.9,38,1,127.15,223367
635,2012,6.2,55,5,79.73,223316
636,2004,6.1,35,1,120.18,223232
637,2012,7.4,86,4,182.21,223094
638,2005,7.8,82,7,38.41,222988
639,2014,5.8,68,1,101.2,222948
640,1988,7.5,69,5,73.71,222706
641,2008,7.1,70,7,23.22,222521
642,2011,7.1,60,14,62.5,222207
643,2012,5.8,41,1,65.42,221707
644,1999,7.8,68,5,10.82,221494
645,2007,7.8,85,7,50.93,221287
646,2016,7.4,51,1,86.26,220549
647,2011,7.3,84,5,82.58,220224
648,2001,6.4,43,5,145.1,220155
649,2002,7.1,77,7,116.72,219951
650,2017,7.2,65,8,504.01,219689
651,2004,6.5,44,7,114.2,219686
652,2012,7.3,68,6,21.38,219616
653,1998,7.1,45,1,70.09,219094
654,2001,7.6,52,4,52.99,219077
655,2017,6.7,62,1,168.05,218615
656,2008,7.8,63,4,35.74,218536
657,2011,7.2,67,3,165.25,217836
658,1995,7.2,65,1,106.6,217796
659,2016,6.9,32,1,47.37,217662
660,2001,7.6,53,7,51.4,217519
661,2005,7.4,83,3,53.36,217218
662,2006,7,57,1,27.83,216883
663,2012,7.2,66,5,15.02,216595
664,2014,7.5,69,7,0.07,216206
665,1996,7.3,77,5,153.95,216109
666,2004,7.3,59,1,59.02,215702
667,2008,7.3,53,1,5.69,215112
668,2011,7,57,2,37.41,214965
669,2010,6.7,64,1,119.22,214911
670,2007,7.3,64,2,3.68,214671
671,2011,6.1,33,1,36.39,214562
672,1997,7.9,85,7,26.4,214391
673,1987,7.6,68,1,65.21,214271
674,1995,5.4,51,1,184.03,214231
675,1994,7.2,63,1,146.28,213723
676,1999,7.8,44,1,0.03,213607
677,1990,8,72,2,184.21,213585
678,2011,6.1,36,1,55.1,213455
679,2006,7.5,56,6,2.22,213322
680,1998,7,60,1,141.15,213149
681,1975,8,86,4,50,212985
682,2008,7.6,58,7,34.19,212807
683,2005,6.6,40,11,87.04,212698
684,2011,7.9,89,5,44.67,212659
685,2017,7,58,1,404.52,212414
686,2009,8.1,NA,7,NA,212349
687,2006,7.3,51,7,10.14,212317
688,1997,3.7,28,1,107.33,212234
689,2017,6.4,65,11,74.26,211894
690,2013,6.6,66,5,24.48,211765
691,1993,7,53,5,219.2,211727
692,1999,6.4,81,11,140.54,211715
693,1998,7.6,71,3,120.62,211368
694,2006,6,45,1,62.51,211279
695,1959,8.3,97,5,25,211197
696,1973,8.3,80,5,159.6,211112
697,2000,7.1,49,11,39.24,210512
698,2017,6.6,39,1,172.56,210389
699,2006,6.9,52,5,63.22,209934
700,2007,7.7,82,6,17.11,209562
701,2000,6.2,48,5,157.02,209402
702,2011,7.2,75,3,123.48,209239
703,2008,6.8,48,6,81.16,209187
704,2012,7.3,58,6,37.4,209018
705,1985,7.8,60,2,61.5,209015
706,1998,7.3,67,1,111.55,208678
707,2007,7.4,42,2,93.47,208396
708,2003,7.7,70,6,16.25,208370
709,1987,7.6,67,1,53.42,208369
710,2008,6.9,61,5,67.29,208225
711,2008,7.1,56,7,83.08,208178
712,1992,7.7,62,7,141.34,208153
713,2012,5.5,52,2,292.3,207984
714,2015,7,75,1,110.83,207767
715,2004,6.7,55,5,114.33,207765
716,2015,6.8,41,1,31.57,207635
717,2017,6.8,44,1,100.23,207404
718,2016,7.4,99,7,27.85,207369
719,1991,6.7,52,2,119.65,207313
720,2005,7.9,72,4,119.52,207186
721,2012,7.6,68,1,41,206365
722,2013,6.6,51,1,61.74,206359
723,2005,7.5,81,7,31.49,206269
724,2016,7.6,81,3,248.76,205922
725,2013,6.7,49,1,25.13,205485
726,2010,5,58,2,300.53,205237
727,2000,6.6,49,5,90.57,205048
728,2000,6.7,36,11,53.33,204828
729,2013,6.9,60,5,66.38,204772
730,2009,6.2,41,7,79.96,204746
731,2011,7.1,67,7,40.96,204492
732,2010,6,30,5,162,204427
733,2007,5.2,35,1,115.8,204030
734,2007,6.3,68,11,107.92,204005
735,1997,6.2,63,1,47.75,203879
736,2013,6.4,37,1,89.3,203836
737,2003,7.3,64,13,52.16,203596
738,2006,7.6,67,5,40.14,203569
739,2005,7.6,71,5,24.79,203512
740,2015,7.6,82,7,109.77,203486
741,1989,7.6,88,3,111.54,203422
742,2007,6.9,62,6,80.21,203379
743,2011,4.9,45,2,281.29,202248
744,2000,6.6,43,2,39.79,202111
745,1982,8.1,79,4,52.77,201845
746,2000,8.1,83,7,5.38,201732
747,2009,7.3,64,2,0.06,201694
748,2014,6.2,52,1,58.61,201457
749,1997,7,51,2,53.88,201408
750,2016,7.1,68,1,158.85,201356
751,2007,6.5,48,1,219.96,201146
752,2016,7.3,77,3,486.3,200937
753,1993,7.7,66,7,77.32,200935
754,2010,6,37,1,67.63,200819
755,1981,8.4,86,2,11.49,200797
756,2016,6.5,46,1,65.08,200712
757,2004,6.7,38,1,57.76,200584
758,2003,6.6,38,1,138.61,200483
759,2010,7.3,63,3,148.42,200354
760,1978,7.2,70,12,188.76,200165
761,2003,7.1,54,5,75.59,200072
762,2004,8.1,90,7,5.79,199748
763,1995,6.8,41,1,65.81,199495
764,2001,6.7,66,5,71.54,199237
765,2014,6.3,42,7,23.02,199163
766,2004,7.5,67,5,26.78,199147
767,2016,7.8,96,7,47.7,198919
768,1999,6.6,59,1,206.04,198903
769,2006,6.6,31,11,46.98,198238
770,1963,8.2,87,2,12.1,198171
771,2005,7.6,72,1,4.24,198118
772,2001,5.7,50,1,180.01,197903
773,1994,7.8,70,5,3.15,197574
774,2011,7.3,68,3,77.59,197484
775,2011,6.6,70,7,75.66,197312
776,2008,7,46,1,42.75,197027
777,2012,7.1,47,3,148.31,196799
778,2004,7.2,47,7,370.78,196667
779,1998,7.1,87,5,100.32,196439
780,1965,8.3,74,17,15,195742
781,2002,7.2,82,5,170.69,195704
782,1982,7.7,61,1,47.21,195553
783,1978,7.8,81,11,47,195447
784,2011,6.4,33,5,103.03,195069
785,1999,7.3,62,2,30.65,195023
786,1959,8.1,90,2,74.7,194976
787,1994,7.3,74,6,50.28,194905
788,2009,7,50,3,196.57,194684
789,2008,7.1,57,1,39.39,194645
790,2005,7.6,74,7,47.4,194537
791,2010,6.4,51,1,52,193722
792,1980,8.2,77,4,NA,193714
793,2003,5.3,42,1,102.54,193596
794,2009,7.8,76,6,10.1,192802
795,1993,7.8,73,7,9.17,192291
796,2008,8,59,1,NA,192148
797,2015,7.4,57,7,52.42,192133
798,2015,6.2,42,1,130.18,192018
799,2011,7.3,63,6,58.01,191992
800,2011,6.2,50,5,70.66,191925
801,2013,6.7,40,1,46,191634
802,2011,6,50,1,100.24,191632
803,2015,6.3,43,1,81.7,191569
804,1996,6.3,52,5,37.77,191492
805,1988,8.5,80,7,11.99,191394
806,2012,6.8,53,11,48.09,191267
807,2008,7.9,82,7,2.12,191189
808,1996,6.8,60,7,46.35,189664
809,2009,7.9,63,7,0,189576
810,2016,7.5,67,6,10.64,189505
811,1998,7.2,43,7,44.62,189370
812,2013,6.3,44,2,234.91,189237
813,2014,5.8,31,1,191.2,188884
814,2009,5.8,32,1,152.27,188447
815,2012,6.7,49,5,57.01,188120
816,2007,7.1,39,7,53.7,188083
817,2004,7.7,67,4,51.68,187998
818,1952,8.3,99,5,8.82,187723
819,2003,6.2,52,5,135.65,187469
820,2016,7.5,74,4,125.07,187403
821,2011,8.3,95,6,7.1,187381
822,2017,7.5,82,1,146.88,187206
823,2002,6.1,56,1,160.94,186952
824,2012,6.8,52,1,126.37,186939
825,2005,7.6,72,7,23.09,186819
826,2004,6.7,47,5,14.59,186594
827,2013,6.4,52,1,73.1,186461
828,2011,6.9,63,3,143.62,186155
829,2004,7.3,65,7,33.99,185976
830,2003,7.4,81,1,93.93,185711
831,2008,6.5,54,1,130.32,185519
832,2015,6.6,56,5,53.86,185176
833,1997,7.3,61,7,0.5,185088
834,2009,6.5,28,5,88.92,184656
835,1988,8.5,NA,3,NA,184534
836,1980,7.8,78,5,83.4,184355
837,2007,7.1,NA,1,NA,184292
838,2015,6.4,56,3,336.05,184266
839,2003,6.4,45,5,105.81,183763
840,2013,5.3,28,1,67.35,183683
841,2008,6.4,43,1,36.32,183648
842,2002,7.4,35,7,41.23,183527
843,1993,7.9,59,6,12.28,183427
844,2015,7.1,51,5,75.76,183389
845,2000,7.6,86,6,124.12,183204
846,2006,7.2,63,7,70.27,183078
847,2015,6.1,43,1,155.19,183062
848,2016,6.6,58,1,162.43,182226
849,1995,6.3,45,2,108.39,182042
850,2009,7,70,5,71.44,182040
851,2013,6.4,45,1,49.88,181988
852,2008,6.4,51,5,144.13,181598
853,1969,8.1,66,4,102.31,181220
854,1993,7.9,NA,6,36.95,181156
855,2007,6.4,NA,6,35.19,181061
856,2008,5,34,13,64.51,181006
857,2002,6.7,52,1,82.35,180999
858,2001,5.8,33,1,131.14,180716
859,1936,8.5,96,5,0.16,180581
860,2004,6.8,62,2,118.63,180306
861,2001,6.6,48,1,226.16,180294
862,1999,6.4,41,5,163.48,180247
863,2000,7.8,48,4,115.65,179948
864,1957,8.2,87,2,44.91,179900
865,2016,7.4,65,11,102.47,179888
866,2018,6.9,79,2,32.73,179734
867,2004,6.9,64,5,44.54,179612
868,2005,7.2,71,2,26.02,179537
869,2002,6.2,62,1,213.31,179346
870,2004,6.6,45,5,17.72,178935
871,2010,6.6,60,1,26.59,178934
872,2009,7,66,3,124.87,178631
873,2013,6.1,23,1,55.7,178531
874,2003,6.3,43,5,104.57,178477
875,1984,7.5,76,11,25.5,178277
876,1999,7.8,73,3,52.01,178152
877,2016,5.3,60,1,128.34,177859
878,2013,4.8,33,1,60.52,177345
879,2013,6.7,55,1,75.61,177097
880,2011,5.6,47,5,100.29,176936
881,2006,6.7,36,1,62.32,176276
882,2000,6.4,47,5,182.81,176101
883,2013,6.3,42,5,44.67,176002
884,2013,5.7,41,11,64.47,175792
885,2003,6.9,64,5,173.4,175762
886,1998,7.7,77,6,7.27,175709
887,1996,7,31,5,38.62,175671
888,2005,6.3,56,1,43.1,175171
889,2015,7.1,64,1,43.48,174913
890,2013,7.3,78,7,33.41,174786
891,2008,6.7,61,3,180.01,174100
892,2012,6.7,48,5,54.73,173791
893,1997,7.3,74,3,99.05,173790
894,2011,6.8,65,1,40.26,173751
895,1965,8,63,4,163.21,173724
896,1998,7.7,66,13,14.38,173705
897,2009,6.6,83,11,42.1,173656
898,2005,6.8,63,2,51.09,173621
899,2016,7.1,71,6,89.22,173564
900,1999,7.3,79,3,171.09,173564
901,1990,7,52,7,217.63,173446
902,2009,7.7,80,3,75.29,173385
903,2008,5.5,54,5,100.02,173130
904,1988,7.3,73,5,114.97,172748
905,1998,6.6,57,5,115.82,172561
906,2008,7.3,69,7,22.91,172429
907,2008,6.5,62,1,141.62,172259
908,1940,8.5,NA,5,NA,172055
909,2013,7.2,55,3,187.17,172048
910,1979,7,73,1,8.75,172022
911,1999,6.4,57,1,126.94,171943
912,1964,8,65,17,14.5,171778
913,1989,7.6,76,5,92.82,171577
914,2014,6.9,83,11,14.67,171569
915,2012,7.6,73,7,19.02,171427
916,1950,8.4,NA,7,NA,171403
917,2004,6.2,35,1,51.2,171315
918,1996,7.6,49,6,49.1,171241
919,1985,8,88,7,9.93,170862
920,2011,7.1,85,7,24.15,170445
921,2011,7.6,73,1,4.11,170173
922,2009,7,42,11,41.6,170119
923,2009,7.8,83,3,21,169946
924,1984,7.2,70,5,148.17,169452
925,2007,6.3,41,1,50.65,169242
926,2017,6.7,56,1,226.01,169076
927,2004,7.1,64,2,18.23,169049
928,2000,6.1,46,5,260.04,168685
929,2012,6.8,43,7,125.01,168544
930,2012,5.7,37,1,83.67,168395
931,2008,6.9,67,3,114.05,168278
932,2010,6.8,69,1,81.56,168265
933,2009,6.4,55,1,65.45,168212
934,2012,6.6,49,3,161.32,168188
935,2016,8.1,69,4,51.69,167997
936,2018,6.3,51,1,416.77,167983
937,2014,7.3,68,2,30.64,167860
938,2004,5.6,29,1,80.28,167822
939,1987,6.9,65,7,63.95,167356
940,1992,7.5,57,11,82.52,167189
941,2011,7.2,72,7,4,167007
942,2007,7.6,77,1,25.03,166993
943,2018,7,62,1,213.77,166954
944,2017,6.6,54,11,30.23,166827
945,1998,5.3,32,1,136.31,166742
946,2001,6.5,32,1,69.77,166519
947,2004,7.5,94,5,71.5,166159
948,2009,8.2,80,7,6.39,165972
949,2010,6.3,46,1,76.42,165897
950,2004,6.6,46,7,48.02,165410
951,2013,7.1,75,6,32.17,164944
952,2000,7.3,64,7,71.51,164928
953,2010,7.4,81,7,9.74,164906
954,2011,5.8,37,1,83.55,164815
955,1981,7.5,70,11,2.4,164457
956,2001,7.4,49,7,50.34,164417
957,1999,6.8,56,7,38.33,164406
958,1997,6.5,52,1,125.33,164361
959,2012,6.3,31,1,54.76,164059
960,2008,6.6,43,1,101.11,163954
961,2007,6.1,51,2,70.11,163921
962,1968,8,96,7,NA,163778
963,2007,7.2,68,6,39.02,163699
964,1979,7.2,61,7,6.39,163554
965,2008,7.3,69,6,30.03,163352
966,2005,8,69,4,61.65,163202
967,1988,7.7,83,3,156.45,163193
968,2010,7.4,52,1,21.15,163019
969,1997,6.5,61,1,172.96,163006
970,2017,6.4,52,1,40.53,162922
971,2002,7.9,85,1,53.71,162805
972,2016,6.1,49,7,NA,162775
973,2010,6.7,55,5,32.37,162759
974,1980,7.9,60,2,57.23,162642
975,2009,6.4,48,5,64.17,162592
976,2013,5.8,41,1,122.52,162478
977,2016,7.6,88,1,26.86,162402
978,2002,5.9,48,1,142.11,162228
979,2006,6.2,48,11,80.24,162218
980,1994,7.1,42,1,71.57,162210
981,2008,6.6,56,5,31.46,162195
982,2015,5.3,40,1,47.39,161986
983,1977,7.7,90,7,132.09,161982
984,2008,7.8,55,7,09.03,161982
985,1989,6.5,56,1,112.49,161881
986,2000,6.2,43,1,106.81,161860
987,2006,7.7,74,4,17.61,161829
988,2017,7.7,48,4,174.34,161787
989,1991,6.9,51,1,165.5,161630
990,2017,6.5,52,6,102.83,161605
991,2015,7.1,82,5,8.7,161565
992,2012,6.4,62,7,54.33,161549
993,2002,7.7,83,5,22.25,161479
994,1995,6.2,56,1,88.25,161468
995,1996,7.4,87,7,78.65,161376
996,2014,6.8,86,7,0.92,161308
997,2009,6.3,45,1,38.58,161082
998,2004,7.3,62,2,24.01,161054
999,2007,7.1,75,3,127.81,161005
1000,2010,5.9,47,2,88.76,160657
1001,2002,7.7,67,7,13.06,160536
1002,2014,6.3,40,1,56.28,160360
1003,2010,6.3,58,3,238.37,160352
1004,1990,7.6,58,1,122.01,160161
1005,2007,7.2,67,2,11.9,160113
1006,2016,6.9,54,1,93.43,160032
1007,2015,7.9,72,4,161.2,159821
1008,1985,6.8,40,7,127.87,159528
1009,2000,5.5,52,1,125.31,159392
1010,2014,6,26,1,89.26,159183
1011,2010,6.4,65,2,60.97,158837
1012,2000,7,88,3,106.83,158773
1013,2005,7,58,4,62.66,158760
1014,1996,6.3,68,1,241.72,158565
1015,1998,7.3,67,1,41.62,158544
1016,2016,7.8,74,4,169.61,158423
1017,1990,7.8,75,6,61.28,158405
1018,2014,7.4,48,6,47.12,158372
1019,2016,5.8,36,1,54.65,158138
1020,1998,7.4,72,7,3.22,157788
1021,2017,6.8,41,1,39.18,157691
1022,2015,6.3,48,5,81.48,157673
1023,1937,7.6,95,3,184.93,157624
1024,2015,6.5,60,1,93.44,157375
1025,1999,7.4,76,6,81.3,157017
1026,1986,7.8,76,7,8.55,156907
1027,1998,7.6,78,7,36.4,156616
1028,2002,7.1,75,5,41.39,156609
1029,2001,6.2,59,5,96.52,156588
1030,2016,7.4,51,7,56.25,156533
1031,1996,7.7,47,6,56.12,156470
1032,2014,6.1,44,1,43.14,156069
1033,2000,7.7,81,2,NA,155779
1034,2000,7.5,79,5,27.28,155694
1035,2007,7.9,NA,7,NA,155685
1036,1995,7.2,55,1,25.63,155218
1037,2005,5.9,55,11,47.33,155047
1038,2013,6.2,57,11,71.63,155018
1039,1994,7.9,70,4,5.89,154490
1040,1964,7.7,87,1,51.08,154478
1041,1987,7.1,46,2,38.12,154439
1042,2008,6.1,36,5,80.28,154401
1043,2003,5.8,30,1,66.47,154248
1044,2009,5.9,42,2,177.24,153668
1045,1971,7.8,67,8,4,153474
1046,2000,7.3,73,4,125.6,153447
1047,2001,6.9,56,1,56.57,153415
1048,1998,7.7,86,5,17.11,153365
1049,2000,7.3,70,3,89.3,153248
1050,2007,7.5,68,4,3.9,153234
1051,1984,7.2,60,1,90.82,153168
1052,2012,7.4,76,7,21.59,152978
1053,2011,6.8,85,7,13.3,152958
1054,1968,8,79,2,33.4,152919
1055,2007,6.6,53,11,39.57,152864
1056,2007,6.2,59,3,82.16,152606
1057,2008,5.5,40,7,79.37,152502
1058,2006,6.5,77,3,198,152409
1059,1998,6.7,63,1,94.1,152346
1060,2008,7.6,84,4,31.84,152256
1061,2017,7.5,94,5,48.96,151970
1062,1992,6.9,41,7,117.73,151951
1063,2016,6.2,66,3,97.66,151887
1064,2016,6.5,61,3,368.38,151862
1065,2014,6.5,39,1,43.58,151751
1066,1999,8,85,3,23.16,151743
1067,1993,7.6,56,6,40.9,151714
1068,1994,7.6,71,1,50.69,151605
1069,2007,6.3,35,1,39.69,151535
1070,2004,5.6,39,1,34.3,151533
1071,2004,5.9,38,1,52.41,151239
1072,2015,6.9,68,4,62.58,151162
1073,1981,7.6,77,1,12.47,151028
1074,2011,6.3,39,5,37.08,150973
1075,2014,6.1,35,1,39.32,150951
1076,2010,6.4,63,5,50.29,150924
1077,2013,6.3,61,5,127.35,150894
1078,1999,6.7,44,13,18.66,150749
1079,2011,6,46,1,83.5,150187
1080,1999,7.1,82,1,60.65,150030
1081,1963,7.7,87,7,11.4,149959
1082,2004,6,48,3,160.86,149855
1083,2013,6.6,60,1,159.58,149724
1084,2010,5.9,37,1,60.13,149629
1085,2010,7.6,65,5,0.22,149527
1086,2016,5.2,32,1,103.14,149445
1087,2004,6.3,46,1,51.88,149248
1088,2007,7.5,69,11,NA,149150
1089,1995,6.8,68,5,56.63,149093
1090,1957,8.4,NA,7,NA,148855
1091,2006,6.6,66,5,148.21,148486
1092,2004,7.4,73,6,2.34,148407
1093,2017,7.7,73,6,33.8,148360
1094,2011,7.1,80,7,03.03,148202
1095,1998,6.2,40,1,140.46,147967
1096,2016,7.9,72,5,5.88,147953
1097,2004,7.2,64,1,32.77,147927
1098,1982,6.8,57,7,125.05,147736
1099,1991,7.3,73,6,79.1,147666
1100,2017,6.9,47,1,75.47,147658
1101,1989,7.6,62,2,54.46,147625
1102,2014,6,52,1,65.01,147339
1103,2018,8,86,1,220.16,147219
1104,1992,7.6,57,5,11.5,147193
1105,2005,6.4,48,5,158.12,146656
1106,1999,7.9,84,4,28.97,146648
1107,1976,7.4,85,11,33.8,146602
1108,1961,7.7,76,5,NA,146533
1109,2011,5.8,39,1,98.78,146352
1110,2007,7.3,82,6,49.03,146325
1111,2009,6.4,47,5,93.95,146262
1112,2004,6.6,61,3,183.37,145983
1113,2009,8.1,NA,3,NA,145867
1114,2010,7.2,77,7,15.54,145704
1115,2006,6.4,52,11,41.78,145653
1116,2000,6.5,55,2,68.54,145575
1117,1995,6.7,58,3,141.6,144947
1118,1989,7.2,70,1,147.25,144912
1119,1967,7.6,65,3,141.84,144783
1120,2009,6.8,76,5,16.03,144458
1121,2016,7.1,57,5,43.02,144447
1122,1984,7.3,64,1,234.76,144409
1123,2013,6.6,47,1,53.26,144363
1124,2000,6.4,59,1,182.62,144136
1125,2005,7.1,58,6,01.01,144086
1126,2006,7.9,89,7,13.76,143829
1127,2007,6.3,64,5,118.59,143606
1128,1978,7.3,80,1,134.22,143462
1129,2016,6.3,44,1,126.64,143438
1130,2006,6.7,67,3,155.02,143215
1131,2008,6.1,51,1,31.72,143213
1132,2002,7.2,73,3,145.79,143137
1133,2017,5.5,34,1,80.1,143098
1134,1999,7.4,51,4,28.87,143064
1135,2013,6.5,57,9,54.24,142983
1136,1967,8.1,91,6,NA,142896
1137,1993,7.7,78,5,7.99,142854
1138,2004,6.1,57,5,57.23,142485
1139,2008,7.2,59,5,31.97,142458
1140,1992,6.7,40,1,144.73,142443
1141,2003,6.4,56,1,56.36,142174
1142,1998,6.5,48,1,56.97,141915
1143,1999,4.9,38,1,113.81,141708
1144,2014,8.1,77,5,3.11,141532
1145,2010,6.2,61,1,176.59,141411
1146,2016,6.5,48,6,75.4,141331
1147,2010,6.3,56,5,98.71,141237
1148,2013,6.4,49,1,42.03,141219
1149,2009,6.7,42,7,43.82,141198
1150,1993,6.6,34,1,58.06,140756
1151,2012,7.3,57,3,103.41,140635
1152,1997,6.1,63,11,101.36,140555
1153,1998,6.6,37,1,130.44,140517
1154,2008,6.1,47,5,76.81,140470
1155,1993,6.8,72,5,126.53,140459
1156,2018,7.2,70,1,216.65,140281
1157,2012,5.9,42,1,37.52,140201
1158,2010,6.1,46,1,63.15,140197
1159,2015,6.8,83,11,25.14,140187
1160,1988,7,47,5,128.15,140124
1161,2005,6.3,53,13,89.71,140086
1162,1986,7.5,79,7,40.46,139858
1163,2012,6.9,60,3,216.39,139522
1164,1997,6.7,35,11,26.67,139080
1165,2004,6.5,33,1,33.68,139057
1166,2014,6.3,40,5,54.45,138949
1167,1931,8.5,NA,5,0.02,138919
1168,2017,6.6,75,7,17.8,138644
1169,2009,6.6,44,1,45.8,138609
1170,2001,6.9,51,5,30.06,138409
1171,2007,6.7,49,1,12.81,138102
1172,1949,8.2,97,10,0.45,138067
1173,2009,7.3,74,4,37.49,137826
1174,2011,6.6,49,1,29.12,137781
1175,2017,6.7,63,1,51.57,137460
1176,1996,6.1,56,5,60.24,137402
1177,2015,7.1,66,4,12.71,137328
1178,1957,8.2,NA,7,NA,137290
1179,2017,6.4,29,1,NA,137289
1180,1927,8.3,98,7,1.24,137119
1181,2007,6.2,44,1,140.13,137079
1182,2007,6.2,42,1,18.21,137072
1183,1999,6.7,45,6,66.52,136995
1184,2001,6.8,54,11,31.6,136773
1185,2008,6.6,40,1,72.27,136725
1186,1960,8.3,NA,5,18.6,136546
1187,2009,6.8,65,2,7.69,136311
1188,1941,8.1,96,10,NA,136264
1189,1993,8.1,84,4,25.01,136235
1190,2003,6.2,38,11,46.96,136150
1191,1998,6.6,72,3,90.76,136085
1192,2008,5.2,31,1,102.49,136072
1193,2015,4.3,27,1,56.12,135714
1194,2018,6.4,48,1,57.42,135480
1195,2010,7,65,7,01.03,135466
1196,2014,6.5,46,6,13.76,135448
1197,2012,6.6,40,1,18.62,135419
1198,2013,6.9,61,13,01.01,135366
1199,1999,6.7,61,5,106.89,135277
1200,1996,6.4,59,3,90.46,135274
1201,2012,6.4,39,1,62.32,135231
1202,2013,6.6,40,11,83.59,135228
1203,1999,7.3,70,2,71.58,135160
1204,2015,6.9,67,7,201.15,134945
1205,1954,8.2,NA,6,0.01,134800
1206,2001,5.3,29,5,71.31,134610
1207,2013,7.5,65,4,83.3,134520
1208,2007,7.5,74,7,7.16,134497
1209,2009,6.8,28,1,10.33,134429
1210,2010,4.1,20,1,131.56,133915
1211,2007,7.3,45,6,28.48,133907
1212,2014,6,47,1,72.69,133901
1213,1998,6.1,41,5,161.49,133880
1214,2015,7.2,82,4,17.77,133863
1215,2016,6.7,57,2,87.24,133716
1216,1985,6.4,47,1,150.42,133495
1217,2001,7.6,28,7,40.31,133409
1218,1991,7.2,58,1,43.22,132919
1219,2006,6.4,45,5,2.34,132891
1220,2011,7.2,72,7,79.88,132485
1221,2001,7.1,63,1,0.03,132413
1222,1998,7.3,54,6,22.91,132384
1223,2008,7.1,53,5,143.15,132246
1224,1988,7.6,76,5,78.04,132030
1225,2013,6.3,28,1,38.36,131945
1226,1961,7.2,NA,3,144.88,131935
1227,1988,8.1,NA,3,0.55,131893
1228,1992,7.8,76,1,75.51,131858
1229,2015,7.2,51,7,42.48,131805
1230,1987,7.4,56,6,43.85,131631
1231,2009,5.8,54,5,60.05,131527
1232,2009,6.5,56,3,198.35,131350
1233,1987,7.8,69,5,5.92,131313
1234,2007,8.4,NA,7,1.22,131233
1235,2005,7.5,55,6,0.34,131154
1236,2015,7,55,4,1.87,131134
1237,1999,7.2,76,7,4.86,131130
1238,2007,6,37,5,120.06,130866
1239,2016,6.2,42,1,34.34,130489
1240,1962,7.3,78,1,16.07,130430
1241,2017,8,93,7,18.1,130033
1242,2013,7.4,68,5,21.5,130001
1243,1974,8,80,5,86.3,129935
1244,2003,6.2,51,1,28.08,129675
1245,2006,6.7,45,1,35.66,129660
1246,2011,6.2,57,3,191.45,129566
1247,2003,7.2,73,2,95.64,129418
1248,1985,6.7,51,1,35.1,129327
1249,2014,8.2,NA,5,10.62,129286
1250,2004,6.1,55,5,88.24,129285
1251,2011,6.6,65,3,149.26,129272
1252,2005,7.4,54,7,57.49,129213
1253,2003,6,45,1,116.93,129191
1254,2013,7.1,82,5,6.85,129068
1255,2009,7.1,47,7,63.41,129032
1256,2017,6.5,51,1,41.19,128874
1257,1994,7.5,45,7,66.64,128628
1258,2004,5.9,49,11,110.36,128471
1259,1971,7.8,90,1,NA,128454
1260,1964,7.8,88,5,102.27,128355
1261,1992,7,57,5,121.7,128348
1262,2014,7.1,69,6,10.72,128303
1263,2007,7.3,70,5,5.97,128251
1264,1990,6.3,46,1,30.67,128015
1265,1950,8.3,NA,6,0.1,127896
1266,2009,6.2,41,1,13.63,127842
1267,2008,7.2,58,1,28.64,127820
1268,1991,8,72,7,70.41,127714
1269,2016,6.3,52,1,127.44,127632
1270,2002,7.3,78,5,17.84,127627
1271,2007,5.9,36,11,63.3,127618
1272,2007,5.4,37,5,100.46,127532
1273,2006,6.6,66,2,0.44,127525
1274,2007,7.2,74,2,82.27,127475
1275,1995,8.1,NA,6,0.31,127471
1276,2010,7.2,69,7,2.43,127032
1277,1975,8.1,NA,2,NA,126735
1278,1987,6.7,45,1,38.12,126644
1279,2010,7.1,40,7,19.07,126605
1280,2003,7.7,68,5,04.06,126602
1281,2006,6.8,52,7,52.33,126486
1282,2000,5.5,30,5,46.73,126454
1283,1976,8.1,88,7,NA,126360
1284,2014,7.2,59,4,115.64,126054
1285,2012,7.1,86,7,16.38,125886
1286,2016,7.1,68,1,61.28,125878
1287,1950,7.3,NA,3,85,125743
1288,2013,7.4,62,5,16.17,125580
1289,1989,7.6,49,5,71.32,125182
1290,1982,6.9,43,2,39.57,125151
1291,2015,6.4,63,5,184.3,125036
1292,2018,7,66,1,69,124964
1293,2003,5.5,49,5,110,124750
1294,1989,6.3,63,2,130.72,124711
1295,1982,7.4,79,11,76.61,124494
1296,2013,5.4,19,5,133.67,124472
1297,2013,6.4,54,1,12.05,124443
1298,2010,7.2,90,7,6.53,124309
1299,2004,7.7,73,4,75.33,124088
1300,1954,8.2,88,6,9.6,123978
1301,2006,5.5,58,1,34.02,123939
1302,2011,7.1,58,5,75.62,123934
1303,2011,7,48,7,13.84,123929
1304,2010,6.3,53,2,104.39,123842
1305,2010,6.3,43,7,80.01,123809
1306,2002,5.8,24,5,126.29,123626
1307,2003,7.1,70,5,60.06,123605
1308,2009,7.1,64,6,37.02,123438
1309,1997,7.3,71,5,12.01,123170
1310,2014,7,81,4,12.1,123073
1311,2007,6.1,54,3,126.63,123007
1312,2009,7.1,60,3,31.74,122986
1313,2008,6.6,57,2,38.09,122850
1314,2010,7.1,63,5,6.35,122764
1315,1984,8.1,86,3,NA,122749
1316,2012,5.3,63,6,14.12,122723
1317,2009,5.8,27,1,20.49,122694
1318,2005,7.4,82,7,33.58,122670
1319,2006,7.4,65,5,24.14,122635
1320,2005,6.1,47,5,110.33,122378
1321,2003,6.6,56,1,52.8,122345
1322,1999,7.1,46,1,81.53,122319
1323,2011,6.2,59,1,78.05,122225
1324,2005,6.9,49,1,74.49,122199
1325,1994,7.1,81,5,52.7,122157
1326,2013,5.9,53,7,35.27,122140
1327,2012,5.4,39,1,42.35,122107
1328,2012,6.2,64,6,15.03,122086
1329,2003,8,60,6,1.53,122043
1330,1931,8.4,NA,6,0.03,121903
1331,1996,6.9,NA,3,100.14,121878
1332,1998,6.8,59,5,80.25,121674
1333,2014,6.5,50,1,71.96,121666
1334,1986,8.1,78,3,NA,121617
1335,1944,8.3,95,6,5.72,121557
1336,1990,6.1,61,5,91.46,121451
1337,2009,7.3,85,7,12.57,121246
1338,2018,8,80,3,607.94,121223
1339,2003,7.3,74,4,34.47,121005
1340,2012,6.1,72,5,113.72,120930
1341,1993,6.3,44,1,50.02,120867
1342,2017,5.6,37,1,58.06,120600
1343,2010,6.8,63,1,35.05,120242
1344,1948,8.3,NA,7,0.33,120181
1345,2003,6.2,38,11,80.57,120140
1346,2006,6.6,63,1,36.88,119982
1347,2014,6,69,2,128,119801
1348,2013,6.3,51,2,65.19,119711
1349,1997,5.7,52,11,72.59,119565
1350,1988,7.6,80,5,63.49,119396
1351,2011,7.6,70,7,3.19,119357
1352,1998,7.3,62,1,44.48,119354
1353,2014,6,39,5,83.91,119349
1354,2009,6.2,54,5,32.42,119339
1355,2014,6.5,30,5,82.39,119333
1356,2013,5.9,33,1,31.17,119147
1357,2010,6.2,44,11,33.58,119124
1358,2010,7,86,5,20.81,118982
1359,1983,7.5,69,5,90.4,118960
1360,2013,6.6,48,5,63.91,118935
1361,2016,5.9,28,1,62.68,118865
1362,2001,5.9,48,5,70.84,118849
1363,2013,7.8,88,7,2.2,118778
1364,1979,8,83,5,45.7,118745
1365,2002,5.5,45,1,91.05,118694
1366,1975,7.4,58,5,139.88,118692
1367,2013,7.5,93,7,13.24,118673
1368,2003,5.5,43,1,65.66,118579
1369,2005,6.9,76,7,50.82,118503
1370,2011,7.5,68,7,1.74,118499
1371,2005,6.3,64,3,128.2,118429
1372,2008,6.8,71,3,154.53,118361
1373,2015,6.2,75,5,110.21,118321
1374,2013,7.9,94,7,8.11,118057
1375,2017,7.2,65,1,51.34,118029
1376,2008,5.1,34,1,94.78,118016
1377,1995,6.4,16,5,25.59,117897
1378,2005,5.5,36,1,25.86,117711
1379,1991,7.4,88,2,45.36,117683
1380,2015,7.1,77,7,43.77,117662
1381,2002,7.2,65,1,78.12,117640
1382,1959,7.3,85,3,51.6,117595
1383,2009,7,79,5,9.19,117418
1384,1984,8,91,5,0.19,117304
1385,2002,6.2,39,1,43.06,117234
1386,1983,8,77,5,19.29,117073
1387,2002,7.8,61,1,54.23,116931
1388,2017,7.4,75,4,56.44,116907
1389,2016,7.1,60,1,40.07,116887
1390,2006,5.8,41,11,54.1,116763
1391,2012,6.1,50,5,86.91,116464
1392,1974,7.5,75,11,30.86,116294
1393,2017,7.5,77,4,30.01,116152
1394,2004,5.9,44,5,88.1,116102
1395,2010,8.2,80,7,6.86,115993
1396,2003,7.3,61,5,36.91,115937
1397,2011,6.2,52,11,38.18,115893
1398,2012,6.2,59,5,67.54,115871
1399,2008,5.4,31,1,40.69,115832
1400,2013,7.6,53,7,21.49,115826
1401,2006,5.1,38,1,75.03,115565
1402,1996,7.4,54,6,108.77,115523
1403,2002,7.2,85,5,65.02,115503
1404,2013,7.1,81,7,1.36,115419
1405,2015,5.6,27,1,78.75,115219
1406,1990,7.8,66,6,05.08,115214
1407,2011,6.5,44,1,25.12,115170
1408,1984,7.4,46,2,20.16,115144
1409,2015,6.5,66,7,31.06,115035
1410,1985,6.3,71,1,36.2,114998
1411,2014,6.1,52,7,78.03,114850
1412,2006,6.5,47,5,36.32,114736
1413,2009,6.5,57,1,30.1,114580
1414,1953,8.1,76,5,NA,114567
1415,1997,7.6,52,13,3.8,114531
1416,2014,5.6,36,2,86.21,114353
1417,2014,5.4,37,11,84.27,114337
1418,2004,5.5,41,5,70.83,114196
1419,1979,7.8,77,7,106.26,114096
1420,2005,7.4,88,4,28.75,114093
1421,2014,7.6,76,5,3.33,114091
1422,1999,7.4,58,4,34.58,113915
1423,2002,7.6,80,7,41.68,113885
1424,2012,5.7,36,1,35.35,113735
1425,2011,6.6,59,4,37.31,113670
1426,2010,6.4,46,5,31.58,113637
1427,2018,7,35,1,190.81,113584
1428,1999,6.5,19,13,36.66,113562
1429,2006,5.8,45,5,118.7,113363
1430,2012,6.5,59,6,47.38,113175
1431,2016,6.1,47,1,58.7,113159
1432,1987,7.4,68,5,22.85,113094
1433,1987,7.3,67,4,123.92,113086
1434,2015,6.6,56,7,56.45,113079
1435,1993,7.8,80,6,17.27,112757
1436,2004,7.8,78,1,17.11,112636
1437,1999,5.8,54,1,73.65,112600
1438,1997,6.3,50,5,127.12,112464
1439,2000,5.7,24,1,73.21,112433
1440,2014,7.5,72,7,18.75,112419
1441,1942,7.3,91,3,102.8,112324
1442,1998,7.5,71,5,40.57,112315
1443,2002,7.1,30,6,71.76,112044
1444,1974,7.8,73,5,119.5,112018
1445,2016,8.4,79,3,05.02,111881
1446,2005,7.5,87,3,56.11,111819
1447,2001,6.3,52,5,108.25,111793
1448,2011,5.9,45,5,45.06,111785
1449,1951,7.4,NA,3,NA,111751
1450,2008,6.6,53,2,49.55,111692
1451,2003,6.2,70,5,110.23,111626
1452,1948,8,73,6,NA,111612
1453,2015,7.5,87,7,38.32,111565
1454,2002,6.6,62,5,241.44,111562
1455,2014,6.2,57,1,50.58,111409
1456,2002,5.9,42,1,56.68,111320
1457,2000,5.5,56,11,89.14,111126
1458,1989,7.9,NA,4,26.83,111097
1459,2001,6.8,71,6,71.07,111028
1460,2013,5.7,35,2,134.51,111022
1461,1951,8,88,6,7.63,111010
1462,2008,7.5,68,7,33.42,110969
1463,2016,7.3,58,4,21.59,110943
1464,1991,6.9,57,5,113.5,110934
1465,2000,7.7,74,7,22,110828
1466,2007,7,56,1,47.54,110741
1467,1995,8,76,3,0.52,110729
1468,2001,6.1,40,5,38.35,110639
1469,1999,5.9,61,2,140.04,110555
1470,1960,7.9,87,2,30,110311
1471,2003,4.9,48,1,100.83,110309
1472,2018,6.6,53,1,46.87,110302
1473,1940,7.5,99,3,84.25,110272
1474,1993,7.8,50,1,56.51,110144
1475,2012,7,72,5,04.01,110072
1476,1986,7.2,24,1,5.9,110069
1477,2007,6.7,81,5,118.87,109847
1478,1990,5.2,55,7,40.95,109734
1479,2006,7.1,79,7,33.6,109731
1480,2012,6.5,51,1,66.53,109623
1481,2010,6.6,39,5,53.37,109506
1482,1986,7.4,50,2,12.73,109444
1483,2002,8.1,75,6,0.17,109277
1484,1997,7,55,2,37.96,109258
1485,2010,5.6,22,1,67.06,109223
1486,1999,6.6,42,1,32.7,108901
1487,1973,8,58,4,53.27,108758
1488,1996,6.6,60,1,136.49,108745
1489,1986,7.3,53,1,11.1,108730
1490,2011,7.2,61,5,2.55,108721
1491,2000,6.6,77,1,56.94,108681
1492,2005,6.7,46,7,75.07,108481
1493,2011,6.2,49,11,16.93,108473
1494,2000,5.9,49,1,34.6,108419
1495,1991,7.8,76,6,57.5,108307
1496,2005,5.9,51,2,37.92,108249
1497,2013,6.3,78,7,2.61,108217
1498,1984,6.6,40,1,30.93,108212
1499,2015,7.8,74,5,6.74,108202
1500,2016,7.1,66,3,143.53,108086
1501,1990,7.8,74,4,52.1,108051
1502,2006,7.7,86,6,0.33,107934
1503,2000,6.6,51,7,155.46,107917
1504,1981,7.2,76,1,25.24,107851
1505,1993,6.4,60,1,84.05,107787
1506,2008,5.6,53,5,152.65,107786
1507,1987,7.3,63,5,32.22,107758
1508,1996,7.6,71,1,92,107749
1509,2017,5.2,27,1,130.17,107738
1510,2016,8.5,NA,1,12.39,107533
1511,2007,5.9,27,2,168.27,107508
1512,2009,6.3,60,5,51.86,107508
1513,2008,6.2,47,11,52.6,107464
1514,2004,7.3,40,7,51.27,107354
1515,2005,7.3,57,4,67.26,107173
1516,1940,8.1,NA,7,4.36,106947
1517,1995,7.2,41,5,2.12,106934
1518,1953,7.3,NA,3,87.4,106852
1519,2014,7.1,76,2,37.88,106783
1520,2015,6,34,5,90.41,106746
1521,2016,6.3,72,5,30.08,106188
1522,1996,6.9,72,5,33.08,106122
1523,2002,6.8,64,7,31.6,106098
1524,2008,7.1,71,1,0.1,105972
1525,2011,5.7,41,1,29.14,105969
1526,2007,4.7,29,1,41.8,105945
1527,2013,5.6,25,1,33.62,105868
1528,2015,7.3,70,2,10.14,105766
1529,2017,7.3,75,3,175.75,105762
1530,1987,7.6,72,5,49.53,105730
1531,1995,6.8,83,5,66.6,105700
1532,2010,6.5,42,1,23.98,105370
1533,2000,7.2,40,7,33.52,105313
1534,2005,5.3,41,11,32.06,105271
1535,2016,7.1,59,3,270.4,105265
1536,1988,5.8,36,1,53.72,105182
1537,2001,7.4,88,5,6.22,105091
1538,1990,7.2,65,5,16.67,105040
1539,1999,6.9,52,7,75.53,104920
1540,2009,7.1,73,3,104.4,104827
1541,1998,7.1,64,3,101.22,104801
1542,1998,6.7,54,7,78.69,104617
1543,1992,6.2,39,7,121.95,104534
1544,2010,7.1,79,7,12.13,104491
1545,2010,5.7,34,5,110.49,104372
1546,2015,6.9,47,1,25.02,104364
1547,1998,6.5,64,2,66.31,104250
1548,2009,6.4,58,5,18.44,104188
1549,2011,7.1,76,7,5.35,104176
1550,2006,5.1,40,5,90.71,104137
1551,1995,7.5,82,7,31.97,104046
1552,2011,6.9,52,7,58.71,103907
1553,2003,6.6,48,1,43.73,103887
1554,2012,6.5,66,1,20.28,103786
1555,1982,6.8,58,1,33,103768
1556,2016,6,42,1,45.54,103698
1557,2009,5.2,47,5,16.2,103680
1558,2011,6.3,46,1,8.31,103636
1559,2008,5.8,20,11,56.75,103538
1560,1993,6.7,44,2,35.74,103516
1561,1955,7.3,NA,3,93.6,103444
1562,2014,6.8,46,7,50.47,103361
1563,2013,6.5,61,11,27.7,103358
1564,2013,5.9,35,1,26.63,103320
1565,2005,6.5,71,13,57.89,103158
1566,2007,7.9,88,7,9.44,103076
1567,1950,8.3,98,7,0.01,102991
1568,2013,7.7,86,2,17.65,102973
1569,2001,7.7,88,2,13.62,102916
1570,2013,6.9,61,6,2.32,102913
1571,2008,7.7,86,3,15.09,102838
1572,2014,6.5,31,5,46.29,102776
1573,1987,7.8,62,7,22.24,102733
1574,1995,6.1,49,5,100.33,102667
1575,2013,6.2,42,1,17.62,102630
1576,2009,6.6,49,7,0.4,102548
1577,2007,6.4,56,5,33.3,102532
1578,1982,7.7,67,1,78.91,102464
1579,2010,6.5,55,11,39.12,102447
1580,1963,7.5,85,1,24.8,102269
1581,2014,6.5,47,7,45.09,102263
1582,1978,7.6,79,5,0.2,102208
1583,1993,6.8,58,7,158.35,102195
1584,2002,7.4,51,6,0.75,102099
1585,1941,7.3,98,3,1.6,102098
1586,1968,7.9,88,11,0.09,101955
1587,2006,6.5,48,6,65.33,101941
1588,2013,7,64,7,0.79,101905
1589,2005,7.1,44,7,6.3,101768
1590,2014,6.5,57,6,26.31,101713
1591,2016,6.3,59,7,55.12,101510
1592,2008,6.8,55,1,26.42,101212
1593,1991,7.7,69,5,6.15,101166
1594,2013,6.7,51,6,51.87,101145
1595,1980,6.5,22,11,39.75,101120
1596,2008,5.8,57,1,101.7,101089
1597,1998,6.5,61,11,40.06,101081
1598,2006,6,65,1,63.45,101079
1599,1978,8,71,11,5.1,100939
1600,1979,7.6,76,4,43,100868
1601,2014,8,71,1,2.63,100810
1602,2003,6.7,66,5,124.73,100759
1603,2001,6.4,52,2,56.62,100690
1604,2005,6.6,44,1,34.64,100625
1605,2001,6.2,49,11,37.9,100506
1606,1983,7.6,NA,5,14.93,100491
1607,2003,5.8,37,1,82.62,100449
1608,2011,4.3,34,1,51.77,100418
1609,2004,7.6,89,1,11.05,100316
1610,1984,6.7,41,5,81.2,100310
1611,2011,5.5,29,9,37.66,100302
1612,2000,8.1,85,7,2.73,100295
1613,2009,7.1,58,7,28.5,100272
1614,2014,7.4,57,7,0.33,100227
1615,2000,6.7,47,5,57.26,100130
1616,2013,7.2,66,4,116.63,100053
1617,1995,5.5,NA,1,34.69,100022
1618,2012,6.7,59,2,6.62,99982
1619,2013,6.3,42,5,36.92,99968
1620,1988,6,53,5,111.94,99962
1621,1997,7.1,59,3,58.41,99960
1622,2007,7.4,56,7,24.34,99795
1623,2018,7.3,87,7,44.07,99788
1624,2007,6.1,47,9,58.27,99692
1625,2010,7.3,66,2,2.7,99621
1626,2009,7.4,58,5,7.99,99603
1627,1999,6.9,42,5,58.22,99598
1628,2006,7.9,64,2,2.28,99590
1629,2013,5.8,39,2,68.56,99453
1630,2003,7.6,31,6,19.59,99363
1631,2007,7.4,67,5,8.58,99285
1632,1973,7.6,57,3,32.06,99166
1633,2006,7.5,75,7,5.46,99135
1634,1998,6.5,52,6,29.75,99109
1635,2018,6.3,61,1,139.38,99077
1636,2017,5.7,34,1,50.7,98932
1637,2000,5.6,27,5,60.79,98925
1638,2009,6.1,36,1,31.81,98787
1639,2000,7.2,56,4,48.82,98766
1640,1995,6.6,65,1,67.82,98742
1641,2006,6.6,74,3,64.67,98742
1642,2016,7.8,84,3,48.02,98723
1643,2004,3.3,27,1,40.2,98607
1644,1996,5.6,62,5,128.81,98547
1645,2003,6.1,32,11,15.42,98546
1646,2016,9.4,NA,7,NA,98484
1647,2007,7.1,69,4,66.66,98316
1648,2003,5.8,38,11,59.69,98302
1649,2006,7.1,73,3,5.5,98169
1650,1999,6.3,54,1,87.7,98057
1651,2009,7.3,79,7,47.4,98017
1652,2017,7.4,76,4,21.12,98002
1653,1999,5.7,33,1,66.89,97907
1654,2016,7.5,72,1,2.13,97827
1655,2016,7.3,48,1,52.85,97812
1656,2005,6.5,47,7,47.81,97782
1657,1948,8.3,99,2,05.01,97729
1658,2014,5.5,39,1,23.22,97673
1659,2013,5.7,37,6,0.78,97642
1660,2002,6.7,66,5,32.54,97579
1661,2014,5.1,36,5,38.54,97329
1662,2014,7.2,44,5,0.01,97301
1663,1997,6.4,36,1,54.93,97229
1664,2005,5.2,34,1,28.03,97219
1665,2009,7.6,77,7,9.17,97214
1666,2007,7.5,38,7,31.66,97206
1667,2015,6.2,55,5,65.21,97124
1668,1989,7.5,57,7,64.43,97013
1669,2016,6.6,58,1,38.56,96979
1670,2007,8,92,4,5.99,96969
1671,2003,7.2,62,7,2.53,96788
1672,2011,5.8,35,1,20.38,96764
1673,2016,5.7,58,5,55.29,96707
1674,2005,6,33,7,65.23,96610
1675,2003,6.3,43,1,53.79,96527
1676,2010,5.5,27,5,148.38,96479
1677,1989,6.9,44,2,40.49,96476
1678,2006,8.2,NA,5,2.2,96460
1679,1963,8.1,NA,7,0.05,96418
1680,2002,6.4,26,5,21.01,96416
1681,2013,6.8,63,6,11.33,96405
1682,2007,2.3,17,2,39.74,96310
1683,2012,7,60,1,NA,96206
1684,2001,5.5,71,1,112.72,96190
1685,1971,7.8,96,1,NA,96185
1686,2017,7,78,5,27.78,96155
1687,2010,5.8,43,7,61.98,96095
1688,2001,6.9,52,5,50.29,95806
1689,2013,6.5,40,1,19.78,95787
1690,2002,6.1,42,5,93.35,95755
1691,2008,2.7,NA,5,38.23,95728
1692,2006,7.3,91,4,56.44,95718
1693,1987,6.5,48,1,153.67,95697
1694,2017,7.6,86,5,42.87,95679
1695,1985,8.2,96,1,3.52,95648
1696,2008,7.7,80,4,18.59,95643
1697,2007,6.2,35,2,27.67,95609
1698,2016,5.9,21,5,35.54,95471
1699,2013,6.8,58,7,1.7,95382
1700,2004,6.6,76,7,65.96,95368
1701,2008,6.2,35,11,30.69,95313
1702,2008,6.6,57,1,52.08,95258
1703,2001,6.1,43,2,66.81,95220
1704,2011,5.9,50,11,42.59,95124
1705,2002,8,86,7,9.28,95118
1706,2001,7.6,73,6,7.49,95087
1707,2016,6.2,60,5,113.26,94991
1708,2009,6.8,71,2,77.23,94956
1709,2002,6.4,45,1,118.91,94831
1710,2006,6.8,55,2,8.32,94694
1711,1939,8.2,73,5,9.6,94649
1712,2000,6.7,42,5,75.79,94619
1713,2016,6.3,58,11,67.27,94571
1714,1989,7.9,83,3,NA,94502
1715,2015,7.2,95,7,12.71,94483
1716,2003,8.1,82,1,0.01,94423
1717,1996,6.1,56,1,101.3,94413
1718,2010,6.3,32,1,13.79,94359
1719,1976,7.6,62,11,4.27,94350
1720,2005,6.2,47,5,32.62,94141
1721,2008,6.7,50,4,26.81,93952
1722,2012,6.5,55,1,17.14,93902
1723,1998,7,60,7,83.9,93880
1724,2011,6.4,54,4,30.02,93782
1725,2006,6.9,53,4,15.23,93775
1726,1991,6.9,65,5,86.93,93740
1727,1973,7.8,87,4,29.8,93734
1728,2013,6.7,52,3,107.52,93593
1729,1992,7.5,68,5,52.93,93529
1730,1980,7.3,48,5,39.85,93452
1731,2013,6.7,34,7,71.35,93395
1732,2017,8,66,7,132.42,93292
1733,2011,6.2,56,5,13.1,93285
1734,2001,6.4,49,1,59.07,93267
1735,1998,7,44,7,55.49,93228
1736,2006,7.3,77,2,5.49,93148
1737,2009,5.2,39,1,20.82,93139
1738,2005,7.4,72,1,02.06,93104
1739,2002,6.2,45,5,127.22,93070
1740,2006,6.7,61,7,59.95,92886
1741,2006,7.4,41,1,6.86,92883
1742,2011,6.4,64,5,18.3,92860
1743,2008,7.6,NA,7,NA,92661
1744,1979,8.1,NA,7,0.23,92583
1745,2003,6.7,59,1,47.73,92535
1746,1961,8.3,NA,1,NA,92535
1747,1994,7,62,1,101.63,92523
1748,1965,7,64,1,63.6,92485
1749,2009,7,66,4,94.13,92468
1750,2007,6.8,65,5,47.64,92438
1751,2005,7,58,1,24.52,92422
1752,2000,7.4,67,6,45.01,92303
1753,2009,5.5,23,5,109.21,92122
1754,2017,7.2,83,4,81.9,92052
1755,2005,6.4,62,6,72.71,91908
1756,1986,7.8,NA,6,7.15,91874
1757,2004,6,44,5,40.23,91852
1758,2004,6.2,56,5,39.8,91755
1759,2010,6.2,59,7,52.47,91745
1760,1998,6.7,25,4,135.03,91712
1761,2011,5.5,31,2,21.6,91640
1762,1988,7.3,52,1,13.01,91490
1763,2003,6.2,58,1,60.48,91477
1764,2009,5.5,24,5,58.72,91442
1765,2011,6.6,75,1,01.02,91422
1766,2011,6.9,46,2,31.85,91409
1767,1992,6.5,56,5,58.42,91389
1768,1992,6.9,64,1,83.29,91355
1769,1995,7.3,46,4,2.42,91349
1770,2013,7.8,49,6,0.09,91331
1771,1998,6.1,35,7,37.02,91310
1772,1995,5.8,58,1,70.45,91192
1773,2010,5.7,53,11,84.75,91128
1774,2006,7.6,90,7,31.57,91123
1775,2015,6.1,42,5,150.36,91107
1776,2012,6.5,39,7,60.46,91075
1777,2015,6.6,42,5,13.65,91072
1778,2014,6.2,41,1,134.94,91070
1779,2015,6.6,59,1,26.44,91066
1780,2005,6.7,47,5,48.32,91057
1781,1995,7.3,66,1,91.4,91053
1782,2009,6.9,NA,13,NA,91043
1783,2011,6.4,76,4,5.7,90960
1784,1967,7.9,81,1,NA,90955
1785,1921,8.3,NA,5,5.45,90886
1786,2006,6.4,65,4,15.96,90748
1787,1997,7.2,75,5,45.95,90597
1788,2010,6.5,44,1,23.24,90549
1789,2009,6,30,11,27.69,90494
1790,2007,8.1,33,1,0.01,90458
1791,2000,8,61,6,4.18,90455
1792,1988,7.3,47,1,57.27,90395
1793,2016,5.4,25,1,31.15,90276
1794,2013,5.3,48,6,16.97,90230
1795,2013,7.1,56,5,0.03,90214
1796,2005,7.2,79,5,13.74,90149
1797,2004,7.8,75,2,16.76,90142
1798,2006,5.6,50,1,60.67,90081
1799,2013,4.3,18,5,8.83,90010
1800,1997,4.4,NA,5,30.88,89998
1801,2010,5.2,32,1,40.17,89853
1802,1958,8.1,99,6,2.24,89813
1803,2018,6.2,45,1,99.35,89747
1804,2014,6.2,36,5,26.05,89711
1805,2010,7.8,67,1,0.13,89710
1806,2001,8.1,84,2,0.07,89426
1807,2007,6.5,59,5,50.57,89413
1808,1991,6.7,61,1,69.47,89384
1809,2011,7.6,72,6,1.2,89337
1810,1987,7,57,11,14.56,89329
1811,2000,6,49,5,37.88,89326
1812,2012,7.2,67,5,2.54,89231
1813,2000,5.3,38,5,39.46,89196
1814,2015,8.2,NA,1,6.74,89173
1815,2010,5.9,56,5,73.03,89055
1816,1995,7.7,84,7,43.18,89044
1817,2016,5.7,33,1,66.18,88999
1818,2005,7.5,80,4,31.5,88978
1819,2007,7.5,61,7,19.66,88965
1820,1951,8,96,7,8,88942
1821,1984,7.1,61,5,23.69,88940
1822,2008,6.6,39,1,24.85,88930
1823,2011,5.2,36,1,21.3,88904
1824,2001,7.1,48,5,18.49,88721
1825,2007,7.3,84,6,07.08,88705
1826,1959,8.1,NA,6,NA,88597
1827,2011,5.4,44,1,10.71,88502
1828,2001,6.9,52,3,84.05,88492
1829,1972,7.7,82,2,NA,88426
1830,2001,5.7,32,5,38.25,88398
1831,1996,5.7,49,2,136.19,88274
1832,2012,6.1,48,1,14.33,88268
1833,2008,5.6,26,1,22.53,88268
1834,1952,8,89,1,9.45,88248
1835,2010,6.1,52,5,27.76,88211
1836,2016,7.2,66,4,12.79,88181
1837,1976,8,80,4,70.6,88113
1838,1995,6.7,NA,5,4.3,87951
1839,1980,6.8,87,1,108.19,87893
1840,2015,6.7,66,3,123.09,87836
1841,2007,6.2,54,6,19.36,87777
1842,2000,6.3,40,11,61.33,87745
1843,1990,7.5,62,7,26.12,87621
1844,2006,5.6,36,7,42.29,87600
1845,2010,8,50,7,04.02,87594
1846,2012,6.4,46,3,214.03,87588
1847,1989,7.2,75,4,70,87568
1848,1969,7.9,79,7,44.79,87529
1849,2017,7.2,67,7,2.4,87462
1850,2014,7.3,64,5,44.13,87448
1851,1995,7.3,54,5,27.47,87296
1852,2009,6.8,55,3,137.86,87114
1853,2004,6.9,68,7,0.42,87045
1854,1982,7.4,87,5,177.2,86932
1855,2013,5.9,44,4,16.12,86888
1856,2014,6.2,47,2,113.75,86816
1857,2016,5.2,33,1,34.91,86768
1858,1977,7.1,55,1,46.8,86654
1859,1992,7.8,80,6,10.73,86646
1860,2013,7.6,77,4,37.71,86633
1861,2017,6,44,1,85.07,86611
1862,1977,7.4,87,11,7,86597
1863,1997,6.4,52,2,45.32,86585
1864,1994,6.5,63,5,51.13,86567
1865,1998,6.5,47,1,57.17,86564
1866,2009,7.9,90,6,02.08,86501
1867,2009,5.6,34,11,65,86490
1868,1999,7.4,75,7,57.55,86411
1869,2002,7.1,60,3,38.18,86401
1870,2012,7,74,3,35.29,86312
1871,2015,6.7,44,3,169.7,86281
1872,2017,7.5,71,4,28.78,86277
1873,1973,7.7,83,1,25,86227
1874,2009,5.2,30,11,66.48,86226
1875,2001,6.8,65,4,58.2,86208
1876,1957,8.4,NA,6,8.18,86187
1877,2012,6.2,62,5,28.84,86096
1878,2009,5.7,66,7,17,86085
1879,2006,6.6,68,3,73.66,86009
1880,2010,6.5,56,7,32.75,85980
1881,1970,8,91,4,61.7,85958
1882,1989,6.4,41,1,63.41,85897
1883,2006,7.6,84,5,12.9,85789
1884,2001,7.7,60,7,0.14,85784
1885,1989,7.4,81,7,106.59,85763
1886,2009,6.6,65,4,02.04,85726
1887,2004,6.5,60,1,32,85716
1888,1969,7.4,86,2,41.73,85657
1889,1999,6.8,68,11,2.84,85628
1890,2012,5.9,NA,1,NA,85592
1891,2011,6.1,49,1,37.05,85586
1892,2017,6.3,50,3,175,85553
1893,2010,6.3,61,6,35.61,85541
1894,2005,6.2,71,11,20.7,85536
1895,1925,8.2,NA,2,5.45,85441
1896,2009,6.9,NA,9,NA,85439
1897,2009,6.5,52,1,25.45,85426
1898,1967,6.9,61,1,43.08,85369
1899,1999,7.6,86,4,11.53,85322
1900,2011,6.4,45,1,36.67,85297
1901,1997,6.7,49,1,75.98,85178
1902,1992,7.5,54,5,0.24,85006
1903,2016,7,64,2,4.21,85002
1904,1973,6.8,55,1,35.38,84987
1905,2008,6.4,52,5,11.17,84865
1906,1974,7.9,86,7,4.42,84839
1907,1996,6.4,NA,1,51.37,84810
1908,2005,6,41,1,68.67,84792
1909,1997,4.7,37,1,65.89,84630
1910,2003,5.8,46,5,138.61,84610
1911,1961,7.6,86,6,43.66,84440
1912,1999,7.6,74,4,50.67,84412
1913,2016,6.2,39,5,60.27,84367
1914,2013,6.5,54,5,102,84354
1915,1998,6.1,NA,1,54.68,84345
1916,2003,5.5,48,1,31.19,84343
1917,2015,6.3,56,5,32,84342
1918,2012,7,72,3,56,84328
1919,2005,6.9,53,6,17.04,84294
1920,2006,7.5,69,7,08.06,84274
1921,2002,5.5,28,11,30.11,84263
1922,2008,5.9,47,7,20.98,84234
1923,1998,5.4,46,5,144.16,84227
1924,2015,6.1,34,2,58.88,84208
1925,1991,7,52,1,59.51,84200
1926,1999,5.5,39,5,152.26,84161
1927,1996,6,61,1,70.77,84118
1928,2010,6.6,50,2,53.03,84115
1929,1983,6.6,63,1,67.9,84078
1930,2011,5.8,59,11,104.01,84053
1931,2001,5.9,25,1,43.91,84027
1932,2003,7.1,61,6,49.44,83989
1933,1974,6.8,43,1,20.97,83871
1934,1971,6.7,59,1,43.82,83871
1935,2002,5,35,2,153.29,83840
1936,2011,5.4,28,1,24.83,83798
1937,2009,4.9,34,2,43.34,83777
1938,2010,7.6,67,1,0.21,83776
1939,2013,7.2,65,11,0.07,83735
1940,2003,6.3,71,5,35.33,83709
1941,2011,7.3,62,5,46.41,83705
1942,2011,6,38,7,33.05,83699
1943,2010,5.2,35,6,63.08,83637
1944,2011,7,66,7,1.32,83588
1945,1998,7.5,75,4,30.08,83519
1946,2015,6.6,55,3,177.4,83487
1947,2009,5.6,47,7,15.05,83449
1948,1986,6.5,62,2,174.64,83440
1949,1989,6.6,58,1,34.67,83409
1950,1983,7.4,55,2,61.4,83267
1951,2003,5.5,35,7,33.72,83245
1952,2009,7.4,51,7,49.2,83184
1953,2005,5.4,44,11,76.23,83145
1954,2003,6.8,48,3,85.34,83130
1955,2010,6.4,63,7,0.24,83065
1956,2005,5.9,47,1,46.46,83055
1957,2010,6.5,33,5,25.92,83032
1958,2010,6.6,55,6,43.31,83023
1959,2016,6.5,55,6,41.01,82984
1960,1979,7.7,65,1,22.49,82912
1961,1946,8,NA,7,10.46,82862
1962,2002,5.5,29,5,35.08,82719
1963,2015,7,79,11,3.22,82704
1964,2016,6.1,35,1,48.39,82651
1965,2008,6.7,64,5,31.49,82644
1966,2009,7.2,66,6,09.08,82518
1967,2010,4.4,26,1,21.37,82504
1968,1993,7.2,74,1,102.31,82487
1969,1982,7.2,67,5,27.09,82451
1970,2010,7.2,81,5,5.79,82347
1971,2012,7.9,94,7,6.74,82346
1972,1966,8.1,NA,7,NA,82336
1973,2005,6.5,25,1,0.08,82305
1974,2015,6,34,1,27.37,82269
1975,2012,6.6,63,7,12.82,82245
1976,2005,6.8,30,5,16.12,82045
1977,2017,6.3,49,3,264.62,81960
1978,1987,7.8,76,4,43.98,81956
1979,2006,7,85,1,2.2,81907
1980,2006,6.9,53,1,55.01,81703
1981,1934,8.1,87,5,NA,81688
1982,1993,6.9,60,2,68.86,81636
1983,1992,7.2,67,5,107.53,81548
1984,1995,7.7,62,7,01.04,81471
1985,1995,6.7,67,5,81.06,81448
1986,1999,7.3,83,5,14.88,81439
1987,2010,6.4,44,1,23.58,81415
1988,1981,6.8,54,1,62.3,81338
1989,2011,7.1,75,2,88.63,81196
1990,1973,7.3,96,6,3.13,81154
1991,1983,7.1,77,15,79.57,81062
1992,2010,5.6,24,11,45.71,81006
1993,2005,6.2,67,1,29.26,80999
1994,2008,1.9,15,5,14.19,80971
1995,2011,7.4,85,7,1.73,80926
1996,1995,7.5,80,6,39.39,80913
1997,2007,6.5,44,6,1.29,80889
1998,2018,8.3,88,7,154.53,80819
1999,1990,6.3,NA,5,41.48,80788
2000,2016,7.9,81,2,5.2,80737
2001,1997,7.4,76,1,28.01,80569
2002,2012,6.4,40,1,45.29,80484
2003,2006,7,47,5,7.46,80452
2004,2017,6.5,62,11,102.09,80414
2005,2012,5.8,41,1,103.86,80331
2006,2010,5.6,31,1,44.88,80302
2007,2010,5.4,21,1,47.06,80204
2008,2012,5.6,31,5,36.93,80175
2009,2008,6.1,33,5,110.1,80153
2010,1957,8.2,NA,7,NA,80104
2011,2007,5.6,19,5,34.93,80052
2012,2016,7.2,79,7,57.64,79950
2013,1996,8,84,7,24.48,79920
2014,1996,7.3,79,4,20.19,79907
2015,1940,7.8,NA,3,76.41,79881
2016,1999,6.8,72,6,69.3,79878
2017,1962,7.6,NA,6,9.25,79871
2018,2005,4.7,34,1,24.41,79849
2019,2010,5.5,53,5,25,79817
2020,2007,8.1,90,3,4.44,79797
2021,2016,7.2,79,2,07.08,79792
2022,1996,5.5,NA,5,60.57,79738
2023,2014,6.7,76,13,0.32,79641
2024,2009,7.2,55,1,1.82,79510
2025,2011,6.4,60,5,24.81,79492
2026,2014,6.7,81,5,8.11,79453
2027,1979,6.3,66,1,70.31,79371
2028,2008,6,36,6,40.08,79357
2029,2007,6.3,36,1,22.47,79309
2030,2014,6.2,40,1,30.7,79272
2031,2010,7.1,NA,7,NA,79030
2032,1994,6.4,57,5,144.83,79006
2033,2006,7.2,85,7,2.69,78991
2034,1994,6.9,74,1,122.19,78912
2035,1981,7.6,60,5,30.57,78887
2036,2000,6,52,5,68.38,78779
2037,2008,6.6,62,2,71.2,78756
2038,2007,5.8,46,5,36.79,78664
2039,1970,7.1,66,3,55.68,78653
2040,1999,7.9,87,7,8.26,78646
2041,2003,7.2,70,6,1.23,78601
2042,2012,6.4,44,6,16.01,78565
2043,2008,6.5,49,2,8.4,78563
2044,2007,5.5,46,11,17.61,78515
2045,2011,6.8,64,5,4.17,78510
2046,1960,7.8,NA,1,4.91,78509
2047,2007,6.9,59,6,28.56,78478
2048,2006,7.2,54,5,0.02,78410
2049,1922,8,NA,9,NA,78393
2050,1940,8.1,95,7,0.06,78390
2051,2009,6.6,57,5,112.74,78389
2052,2010,7.5,58,7,5.1,78389
2053,2015,5.7,28,1,22.47,78289
2054,2001,6.7,27,7,25.29,78283
2055,1987,6.7,60,1,51.19,78270
2056,1998,7,85,6,37.56,78204
2057,2015,6.1,52,11,52.22,78155
2058,2016,7.4,77,5,14.26,78059
2059,2016,6.2,44,1,6.86,78034
2060,2011,7,65,4,14.6,77961
2061,2013,6.2,52,7,19.45,77955
2062,2000,7.3,62,7,51.8,77891
2063,1999,7.5,67,1,3.31,77865
2064,2010,7.3,76,5,0.47,77848
2065,1985,6.3,40,1,50.33,77767
2066,2012,6.3,54,5,16.69,77726
2067,2005,5.6,30,1,113.09,77700
2068,2011,6,53,5,68.22,77699
2069,2013,7.3,79,5,1.88,77675
2070,2012,5.6,46,2,64.94,77667
2071,2011,5.8,67,1,18.94,77601
2072,2004,6.1,64,1,37.76,77598
2073,2018,8,82,3,32.02,77551
2074,2002,7.1,67,4,16,77549
2075,2015,6.5,34,1,12.28,77540
2076,2013,7.2,58,7,37.74,77516
2077,2013,6.4,59,3,119.79,77474
2078,2007,6.9,61,3,97.82,77443
2079,2009,7.3,83,7,39.46,77393
2080,1997,6.9,64,6,44.89,77389
2081,2009,6.6,42,11,32.72,77331
2082,2005,6.7,69,4,12.71,77328
2083,2014,7.2,77,2,76.27,77231
2084,2001,7.1,69,7,31.25,77193
2085,1964,7.9,NA,7,72,77193
2086,1993,6.8,NA,5,39.51,77166
2087,2012,7.3,49,5,0.08,77136
2088,1984,7.6,81,6,2.15,77118
2089,2007,6.2,34,11,16.81,77083
2090,2001,6.4,49,3,32.13,77045
2091,2004,5.8,49,1,24.01,77018
2092,2000,7.5,54,5,3.43,76964
2093,2002,6.2,NA,5,NA,76773
2094,2011,6.5,66,11,18.47,76766
2095,1963,7.2,61,3,22.18,76678
2096,2005,5.9,35,7,51.1,76675
2097,1995,6.4,49,1,18.64,76571
2098,1994,8.1,NA,7,04.04,76516
2099,1990,6.8,51,1,135.27,76463
2100,2002,5.1,45,5,94.01,76380
2101,2002,5.9,37,5,32.12,76376
2102,1989,6.6,38,11,57.47,76374
2103,1998,7.6,60,6,0.05,76374
2104,2012,7.3,86,2,12.8,76258
2105,1992,6.3,51,5,139.61,76246
2106,2018,6.3,51,1,58.03,76180
2107,1993,6.6,NA,1,38.91,76108
2108,2013,5.6,66,4,5.84,76104
2109,1999,5.9,51,5,63.37,76022
2110,2017,4.6,33,7,114.38,75990
2111,1988,7.8,65,6,34.6,75898
2112,1985,7.4,76,6,68.71,75897
2113,1992,6,35,1,36.3,75787
2114,2006,6.1,49,3,85.11,75708
2115,2002,7,63,5,04.06,75578
2116,1991,7.2,62,4,35.18,75541
2117,2009,5.8,34,5,55.25,75536
2118,2011,6.2,NA,1,NA,75511
2119,2011,5.5,30,3,142.61,75476
2120,2013,7.5,62,4,95,75463
2121,2007,7.6,66,4,10.3,75446
2122,1999,6,60,5,55.47,75443
2123,2006,4.4,18,1,18.5,75414
2124,2016,6,55,1,79,75404
2125,1999,7.2,65,6,24.36,75371
2126,1997,5.2,37,5,92.98,75357
2127,2005,5.8,48,3,135.39,75351
2128,2017,7,73,7,2.29,75117
2129,2014,7.5,89,4,52.08,75086
2130,2017,7.6,60,7,24.8,75001
2131,1996,7.1,NA,5,16.76,74971
2132,2013,6.5,51,1,42.93,74875
2133,2013,6.7,60,7,0.33,74845
2134,1993,8,85,7,1.32,74758
2135,2017,6.9,47,1,NA,74684
2136,2006,6.7,48,5,10.53,74652
2137,2015,7.2,72,5,17.47,74630
2138,2008,6.3,50,7,58.02,74628
2139,1989,7.4,85,5,20.78,74534
2140,2003,6.8,70,7,4.6,74533
2141,2010,5.7,50,7,80.57,74519
2142,1988,7.3,72,5,1.11,74478
2143,2011,5.7,22,5,54.54,74342
2144,2018,5.7,44,1,59.19,74278
2145,2000,5.1,33,1,117.56,74230
2146,2016,6.2,34,2,77.04,74204
2147,2015,7.1,55,4,34.53,74081
2148,2006,5.8,41,5,41.01,74046
2149,2015,6.7,51,1,9.25,74005
2150,2015,6.1,50,1,14.43,73968
2151,2016,6,40,1,82.05,73966
2152,2006,5.7,52,5,80.2,73868
2153,2014,7,62,4,14.48,73846
2154,1955,7.8,87,7,NA,73796
2155,1981,7.3,65,3,63.46,73793
2156,2006,5.6,46,5,75.63,73746
2157,2017,5.2,42,1,44.9,73717
2158,2005,6.6,61,5,12.48,73673
2159,2006,5.6,38,2,82.23,73635
2160,2018,5.6,37,11,NA,73591
2161,2002,6.2,65,7,14.97,73588
2162,1992,7.2,28,7,4.16,73570
2163,2010,8.1,71,1,0.1,73546
2164,2014,5.1,30,1,19.08,73484
2165,1991,7.7,66,5,1.79,73474
2166,1988,6.6,58,11,33.24,73454
2167,2017,7,55,1,34.39,73397
2168,2007,7.6,61,7,15.8,73373
2169,2011,7.3,78,5,5.36,73351
2170,2015,7,49,5,1.98,73340
2171,1992,7.7,72,4,48.17,73313
2172,1988,7,38,5,60.33,73311
2173,1984,6.9,63,1,76.57,73295
2174,1997,7.1,73,5,43.02,73207
2175,2017,7.5,90,7,21.02,73201
2176,1990,5.8,42,1,45.68,73192
2177,1955,8,99,6,NA,73188
2178,2008,5.8,47,5,33.47,73097
2179,1989,7,51,5,66.76,73066
2180,1990,6.6,55,7,61.49,73000
2181,2006,6,66,7,70.28,72967
2182,1999,7.8,71,4,32.48,72903
2183,2016,6.8,23,7,30.98,72718
2184,2006,7,33,5,06.09,72647
2185,2010,7.7,45,5,1.75,72612
2186,2011,7.4,76,7,11.24,72591
2187,2004,6.7,54,1,67.29,72579
2188,2004,6.2,38,6,32.68,72575
2189,1999,8,86,4,6.2,72548
2190,1979,6.4,48,2,82.26,72511
2191,2004,5.9,25,5,51.44,72508
2192,1973,7.5,97,5,115,72491
2193,2001,5.6,30,11,41.87,72406
2194,2004,6.4,48,5,42.04,72361
2195,2007,6.8,NA,5,NA,72343
2196,2001,6.4,44,5,47.12,72328
2197,1990,7.2,52,5,14.56,72292
2198,2010,7,53,3,55.68,72271
2199,2002,7.4,61,4,25.89,72248
2200,2010,6.4,62,1,0.12,72179
2201,1983,7.3,60,11,2.12,72021
2202,1933,7.9,90,2,10,72017
2203,2000,6.9,51,3,50.86,71977
2204,1998,8.1,82,7,1.65,71950
2205,2011,6.3,71,5,16.31,71929
2206,1946,8,NA,6,NA,71847
2207,2008,5.5,55,5,48.24,71826
2208,2004,8.3,NA,7,1.22,71810
2209,2013,6.4,58,3,83.03,71773
2210,2017,1.8,NA,4,NA,71700
2211,2001,7.3,90,5,41.31,71624
2212,2008,7.1,NA,11,NA,71623
2213,2002,6.7,63,7,52.8,71606
2214,2013,7.2,61,2,1.29,71562
2215,1991,7.6,61,5,41.9,71475
2216,1993,7.6,89,7,40.16,71442
2217,1998,6.5,50,6,67.64,71435
2218,2008,7.5,58,6,0.04,71399
2219,2010,5.9,33,7,62.95,71377
2220,2004,8,74,4,02.09,71365
2221,1983,6.8,75,5,63.5,71352
2222,1997,5.9,43,1,67.13,71300
2223,2000,2.4,NA,1,21.47,71272
2224,2005,5.1,33,2,80.27,71272
2225,2011,6.8,44,5,0.04,71206
2226,1956,8,NA,6,NA,71141
2227,1989,7.9,91,5,27.55,71120
2228,1988,5.9,12,5,78.22,71100
2229,1994,7.3,53,5,2.87,71058
2230,2000,6.6,62,1,77.09,71045
2231,2011,5.6,40,7,27.87,71038
2232,1987,7.3,61,11,17.19,71024
2233,2002,5.4,30,1,50.55,70995
2234,1956,8,NA,2,NA,70985
2235,2016,6,51,2,46.01,70977
2236,1988,7.4,66,3,48.09,70897
2237,2016,6.1,51,5,46.81,70860
2238,1989,5.8,51,5,140.09,70816
2239,2011,5.1,25,1,28.09,70807
2240,1995,6.3,NA,1,30.31,70772
2241,1951,7.8,NA,7,NA,70735
2242,2015,7.4,54,4,15.79,70694
2243,2007,5.9,17,6,16.93,70551
2244,2017,5.3,21,1,33.7,70497
2245,2016,7.4,69,1,31.89,70463
2246,2008,6.9,62,4,13.82,70406
2247,2013,6.2,49,6,19.7,70362
2248,1986,7.3,71,2,109.71,70286
2249,1996,7,72,5,124.06,70227
2250,2014,6.7,53,3,83.35,70220
2251,2016,8,79,5,3.24,70196
2252,1996,6.9,43,5,24.94,70173
2253,2005,6.2,62,2,63.95,70143
2254,1984,8.1,NA,7,2.18,70110
2255,1969,8,NA,1,NA,70073
2256,1998,6,52,6,55.59,70018
2257,2007,5.9,45,15,15.07,69985
2258,2016,5.6,49,1,26.83,69971
2259,2009,6.4,43,7,28.57,69928
2260,2005,6.3,54,1,19.98,69850
2261,1990,5.9,60,1,82.67,69825
2262,2015,7.3,73,7,18.7,69817
2263,2006,7.4,73,6,17.51,69814
2264,2002,6.5,52,7,35.75,69812
2265,2015,6.6,38,5,32.36,69763
2266,2009,6.6,69,6,1.7,69758
2267,2013,8,82,7,01.01,69737
2268,2003,8.1,85,7,2.38,69734
2269,2015,6.5,56,5,34.02,69710
2270,1998,7,NA,1,0.27,69657
2271,1985,6.6,46,5,23.83,69633
2272,2016,6.6,67,11,NA,69580
2273,2015,6.4,47,7,22.33,69554
2274,1996,6.4,41,7,104.64,69523
2275,2009,6.5,63,5,15.28,69523
2276,2004,5,27,3,75.37,69504
2277,1985,7.8,78,7,98.47,69497
2278,1993,6.2,60,5,48.2,69487
2279,1996,7.3,71,5,4.51,69415
2280,2009,5.9,38,5,44.28,69415
2281,2001,7.3,64,6,13.1,69390
2282,1984,5.9,53,1,31.04,69385
2283,2013,7.8,86,7,2.85,69370
2284,2014,6.3,49,3,131.54,69317
2285,1995,6.9,82,5,72.08,69304
2286,2003,6.5,45,7,63.86,69297
2287,2010,6.8,50,1,0.32,69155
2288,1969,6.8,61,1,22.8,69128
2289,1995,7.1,46,2,32.7,69126
2290,1961,8,NA,7,NA,69120
2291,2009,6.2,25,11,13.25,69083
2292,2011,3.3,23,5,74.16,68980
2293,2008,7.5,67,5,03.08,68958
2294,2001,5.3,33,5,60.4,68943
2295,2013,6.4,44,5,30.66,68917
2296,1992,6.5,58,1,83.36,68859
2297,2010,6.4,47,7,39.44,68802
2298,2005,6.9,41,7,3.63,68788
2299,2012,7.5,64,7,7.44,68779
2300,2002,5.6,56,11,21.16,68763
2301,2013,6.9,87,1,6.26,68761
2302,2005,5.9,45,1,18.47,68735
2303,2009,5.9,34,13,25.46,68689
2304,2016,8.1,84,7,02.01,68603
2305,1993,7.8,NA,5,32.42,68572
2306,2007,6.5,33,6,14.38,68506
2307,1926,8.2,NA,1,NA,68464
2308,2012,5.9,47,5,38.52,68455
2309,1994,5.5,16,1,42.61,68450
2310,2012,7.1,37,7,11.49,68438
2311,2004,7,66,3,85.42,68390
2312,2012,5.4,31,1,44.81,68274
2313,2006,6.5,69,5,7.77,68270
2314,1994,6.6,55,1,75.67,68270
2315,1999,7,67,11,21.13,68255
2316,1982,8,NA,3,22.24,68232
2317,2015,6.3,60,2,80.08,68156
2318,1994,4.8,38,5,130.51,68129
2319,2014,7,75,5,0.64,68061
2320,2016,8.1,NA,6,NA,68036
2321,2016,6.2,51,11,1.33,67989
2322,2008,6.3,40,1,0.16,67984
2323,2005,7.4,82,5,7.36,67977
2324,2006,7.7,70,1,24.63,67941
2325,2008,6.8,65,11,0.01,67894
2326,2003,7,71,2,67.41,67893
2327,2013,6.5,46,6,0.16,67885
2328,2007,6.7,43,5,13.92,67868
2329,2007,5.9,29,7,47.85,67827
2330,2012,5.6,53,5,17.23,67823
2331,2013,5.6,41,1,08.01,67818
2332,2003,6.1,31,11,12.63,67778
2333,1993,6.6,50,6,100.77,67641
2334,2017,6.5,57,11,55.68,67571
2335,1995,5.8,49,1,60.07,67570
2336,1999,6.3,46,1,68.52,67498
2337,2008,6,51,1,10.96,67460
2338,2011,7.7,52,7,0.07,67407
2339,1997,5.9,62,1,48.17,67404
2340,1997,3.8,23,1,48.61,67353
2341,2006,5.6,49,6,22.52,67352
2342,2015,7.1,33,7,37.43,67351
2343,2015,6.8,38,1,27.29,67334
2344,2003,3.6,NA,7,NA,67311
2345,2008,6.1,NA,2,17.3,67305
2346,2017,5.3,43,7,20.48,67298
2347,1988,6.8,29,1,11.81,67287
2348,2004,7.7,76,7,6.17,67258
2349,2013,5.9,34,5,25.68,67236
2350,2002,5.5,33,1,40.08,67158
2351,2010,4.4,27,5,95.35,67043
2352,1992,6.7,65,5,76.25,67041
2353,2005,6.6,40,6,36.02,67009
2354,2006,7.3,66,5,4.86,66966
2355,2018,6.3,56,1,36.34,66954
2356,1998,5.8,51,1,74.33,66903
2357,2012,6.8,55,4,06.01,66900
2358,1985,7.3,36,5,14.64,66879
2359,2008,5.7,29,1,70.23,66845
2360,2003,6.9,72,4,11.63,66818
2361,2006,7.8,71,7,4.4,66797
2362,2000,6.4,73,1,90.46,66762
2363,1984,6.7,56,1,76.47,66760
2364,1993,6.7,62,5,48.92,66755
2365,2016,6.3,43,3,107.51,66732
2366,1971,8.1,90,7,NA,66712
2367,2007,5.2,39,3,217.33,66618
2368,1998,7,NA,1,25.19,66598
2369,2001,6.3,42,7,74.08,66550
2370,1962,8,94,7,NA,66484
2371,2015,7.5,60,4,7.86,66458
2372,2011,6.7,62,6,1.99,66401
2373,2014,7.3,55,5,54.24,66341
2374,2011,6.1,35,5,14.01,66328
2375,2012,8.1,NA,5,2.8,66302
2376,2016,6.8,65,11,NA,66299
2377,2001,7.3,68,1,0.49,66263
2378,2002,5.6,53,5,37.95,66249
2379,2003,7.2,69,1,4.56,66214
2380,1996,6.3,NA,7,24.88,66172
2381,2013,5.9,44,2,22.53,66115
2382,2014,6.8,73,6,17.24,66100
2383,1986,7,77,7,52.29,66063
2384,1996,6.8,44,1,33.33,66048
2385,2010,6.3,27,11,0.09,66031
2386,1995,7,63,7,7.42,66028
2387,2013,7.5,85,4,16.1,65994
2388,2002,6.4,51,1,43.25,65978
2389,2009,4.4,33,11,0.18,65935
2390,2000,5.6,34,2,60.88,65898
2391,1983,7.2,41,6,25.6,65831
2392,2018,7.6,67,1,11.87,65810
2393,2016,6.6,76,1,3.71,65793
2394,2009,7.2,45,5,5.31,65784
2395,2008,6.9,61,5,12.06,65749
2396,2016,6.4,66,2,55.48,65709
2397,2008,8.2,NA,6,NA,65679
2398,2017,7.3,75,1,NA,65589
2399,2016,7.5,76,3,3.73,65578
2400,1997,5.5,55,1,49.32,65498
2401,1993,7.5,71,6,31.16,65478
2402,2012,8.2,89,1,NA,65385
2403,2010,7.6,80,3,19.2,65358
2404,2016,6.4,47,7,8.11,65326
2405,2006,5.6,47,5,88.72,65293
2406,2010,6.5,57,5,31.01,65277
2407,2007,6.8,36,1,9.53,65217
2408,2007,6.3,50,5,43.11,65209
2409,1999,4.9,42,9,91.41,65173
2410,1998,5.1,42,1,69.12,65167
2411,2015,6.7,35,5,64.46,65156
2412,1999,5.7,30,5,65.54,65130
2413,2006,7.3,70,5,4.66,65087
2414,2016,6,42,11,35.79,65072
2415,2011,7.2,56,5,0.12,65029
2416,2012,6.4,45,7,0.1,64999
2417,2012,5.6,31,7,31.61,64986
2418,1951,7.9,91,2,0.54,64934
2419,2014,5.5,30,1,17.22,64915
2420,2014,7.1,50,7,4.19,64899
2421,1986,6.8,57,5,40.47,64889
2422,2015,4.9,53,7,0.04,64888
2423,2008,6.4,35,4,2.78,64859
2424,2008,6.7,72,5,13.21,64841
2425,2007,7.2,65,6,6.78,64832
2426,2009,6.1,48,1,NA,64825
2427,2004,5.8,43,5,95.17,64763
2428,2011,5.7,39,5,30.54,64742
2429,1987,6.9,67,7,156.65,64733
2430,2008,6.6,45,7,03.07,64724
2431,2013,6.3,50,11,17.41,64619
2432,1982,7.8,73,5,2.5,64594
2433,2008,5.9,44,11,17.43,64563
2434,2010,7.3,68,5,0.3,64515
2435,1991,6.7,38,1,77.87,64478
2436,2005,7.3,83,7,3.63,64355
2437,2018,7.7,72,5,40.83,64337
2438,1997,7.3,63,7,44.18,64282
2439,2012,5.7,41,5,41.15,64267
2440,1998,6.2,46,5,46.68,64213
2441,2009,2.6,45,1,9.35,64143
2442,1999,6.4,40,6,116.74,63931
2443,2005,4.8,34,5,62.25,63875
2444,2008,6,37,1,43.95,63854
2445,2000,5.9,50,1,70.33,63846
2446,1991,6.9,56,5,59.85,63841
2447,2008,6,53,11,31.69,63798
2448,2017,5.7,63,7,24.45,63740
2449,2012,6.9,60,4,1.94,63723
2450,2005,5.7,37,5,56.05,63718
2451,2007,8.2,68,7,1.11,63699
2452,1971,8,62,5,NA,63643
2453,2001,6.9,43,1,18.21,63548
2454,2009,6.3,48,7,03.07,63538
2455,1986,6,55,1,115.1,63530
2456,2014,6.2,38,11,21.2,63514
2457,2005,6.6,48,5,21.84,63474
2458,1998,6.3,53,1,40.98,63442
2459,2014,6.6,44,5,34.29,63428
2460,1997,5.4,53,1,105.26,63403
2461,2015,7.1,72,2,NA,63381
2462,1998,7,66,5,65.71,63373
2463,1999,7.2,69,7,NA,63284
2464,1998,6.4,64,1,70.12,63283
2465,1978,7.6,59,4,35,63258
2466,2005,6.4,45,5,26.84,63256
2467,2017,6.2,78,11,13.99,63248
2468,2009,6.4,34,1,38.11,63183
2469,2016,5.7,38,1,21.2,63171
2470,1995,7.6,66,7,71.52,63160
2471,1981,6.6,40,11,25.53,63102
2472,1999,7.3,72,5,16.84,63098
2473,2006,6.5,76,7,103.37,62974
2474,2003,7.7,81,5,5.74,62929
2475,2003,5.5,28,5,56.13,62902
2476,1991,7.2,65,1,74.89,62898
2477,2009,7.3,73,7,0.11,62863
2478,2012,6.5,40,1,70.01,62850
2479,2006,5.9,30,11,39.52,62779
2480,1997,6,29,1,17.63,62743
2481,2013,6.8,59,5,3.45,62730
2482,2007,6.6,48,5,6,62645
2483,2009,6.5,63,2,15.48,62533
2484,1965,8,69,7,111.72,62532
2485,2005,7.6,75,6,0.21,62511
2486,2016,6.7,81,4,13.96,62510
2487,1966,8,NA,7,NA,62496
2488,2015,6.7,74,7,0.23,62461
2489,1996,7.1,66,5,0.56,62438
2490,1977,6.8,77,7,94.21,62395
2491,2002,6.5,69,7,66.82,62378
2492,1988,7.6,78,1,38.41,62355
2493,2009,6.5,52,11,0.03,62329
2494,2014,6.2,40,11,30.58,62309
2495,2017,4.6,43,2,NA,62287
2496,2003,7.7,45,5,0.55,62259
2497,1985,7.2,NA,4,87.1,62189
2498,2004,6.3,44,1,45.86,62172
2499,2003,7.3,72,7,120.28,62095
2500,1997,6.9,NA,1,27.78,62079
2501,1960,7.9,NA,6,0.34,62043
2502,1998,4.6,21,11,40,62038
2503,2000,6.1,52,1,55.97,62035
2504,1996,5.7,54,1,25.48,61995
2505,2018,7.2,61,1,50.07,61962
2506,2010,7,61,7,0.25,61928
2507,2005,6.3,54,11,16.19,61927
2508,1995,5.9,NA,1,37.6,61919
2509,2005,4.4,37,1,26.87,61883
2510,1970,7.6,80,5,81.6,61810
2511,2004,7.7,73,7,0.7,61764
2512,2014,6.3,41,7,2.96,61694
2513,2015,7.3,64,5,2.7,61661
2514,2005,6,36,1,10.17,61569
2515,1984,6.2,71,5,62.1,61544
2516,2016,6.6,78,2,8.58,61528
2517,2005,8.4,NA,7,NA,61526
2518,2013,6.5,68,7,0.13,61508
2519,1999,6.4,71,5,66.38,61508
2520,2003,8.2,NA,5,NA,61505
2521,1991,6.5,51,5,89.33,61489
2522,2004,7.2,70,1,1.2,61454
2523,2017,7.6,92,7,5.9,61451
2524,1984,6.5,42,7,80.04,61389
2525,2008,5.9,37,5,46.01,61385
2526,2003,6.8,42,11,3.68,61382
2527,2001,6.5,60,5,41.58,61373
2528,1998,7.8,81,5,2.81,61350
2529,1990,7.4,56,1,05.02,61328
2530,2007,6.8,63,5,18.32,61242
2531,1978,5.7,51,2,102.92,61192
2532,2009,7.8,82,7,2.22,61125
2533,2002,6,51,1,40.91,61109
2534,2004,5.8,43,7,66.64,61007
2535,1998,6.1,37,1,32.94,60979
2536,1995,5.6,NA,1,19.08,60961
2537,2012,6.9,55,5,0.02,60948
2538,1995,7.2,NA,1,7.92,60928
2539,1982,6.9,71,1,78.87,60858
2540,2003,7.6,71,6,13.01,60825
2541,2017,8.3,NA,1,20.19,60785
2542,1986,6.5,52,5,39.25,60776
2543,1962,8.1,94,7,NA,60770
2544,2005,5.1,34,1,48.48,60701
2545,2011,6.3,61,2,35.03,60693
2546,2007,4,27,5,95.67,60675
2547,1977,7.5,79,11,NA,60657
2548,2010,6.2,43,7,0.24,60652
2549,2017,6.6,50,5,45,60642
2550,2007,6.7,64,3,58.87,60635
2551,2013,5.8,49,1,2.19,60597
2552,1995,7.6,73,9,1.51,60538
2553,2007,6.9,45,4,16.29,60484
2554,2009,7.3,60,6,5.19,60478
2555,1983,6.7,57,11,21.2,60395
2556,1987,6.6,49,1,44.79,60388
2557,2003,7.5,67,1,58.33,60332
2558,2009,6.9,68,7,13.04,60307
2559,2007,7.5,64,4,36.61,60262
2560,2015,8,NA,1,8.18,60183
2561,1999,6.4,54,2,14.28,60172
2562,1944,8,NA,5,NA,60161
2563,1995,6.2,46,5,7.56,60146
2564,2013,6.5,39,1,10.88,60133
2565,1986,7.9,90,5,40.08,60115
2566,1993,5.9,79,2,77.7,60058
2567,2003,6.9,64,2,48.46,60019
2568,2011,6.2,55,1,19.49,59953
2569,2007,7,54,5,3.95,59944
2570,2015,7.8,79,7,0.08,59926
2571,2009,7.2,55,2,0.62,59908
2572,2010,6.9,65,7,31.18,59886
2573,1989,6.9,44,5,36.6,59848
2574,2004,6.7,55,5,12.78,59819
2575,2006,6.3,46,5,19.19,59792
2576,2009,6.3,61,5,0.04,59780
2577,2016,6.5,56,3,153.71,59724
2578,2018,5.9,46,1,143.01,59707
2579,1999,7,36,13,15.5,59691
2580,2014,5.8,44,1,47.6,59669
2581,1967,7.8,73,1,45.3,59623
2582,1996,5.9,NA,1,33.02,59590
2583,2013,6.2,43,1,0.03,59563
2584,1991,7.7,64,7,82.42,59488
2585,1994,7.5,88,4,24.82,59439
2586,1999,6.2,28,11,50.05,59394
2587,1994,4.6,NA,5,36.76,59392
2588,2008,7.6,82,4,0.15,59388
2589,2011,6.5,60,5,4.24,59382
2590,2010,4.9,33,2,42.78,59312
2591,2016,5.8,23,1,30.35,59240
2592,2014,5.6,59,11,32.48,59161
2593,2004,6.2,43,5,25.27,59159
2594,2005,6.6,59,5,47.14,59137
2595,2005,6.9,56,1,3.34,59134
2596,2016,6.6,64,5,11.1,59114
2597,1989,7.9,97,4,14.74,59051
2598,2009,5.4,32,2,49.44,59036
2599,1994,3.8,NA,1,33.42,58951
2600,2001,6.6,75,13,21.97,58925
2601,2011,6.8,43,1,0.54,58913
2602,2006,7.1,63,4,57.79,58909
2603,2001,8.2,NA,5,0.3,58897
2604,1979,8,84,5,30.18,58765
2605,1992,7.8,83,3,NA,58762
2606,2006,3.7,36,11,23.64,58736
2607,1961,8.2,60,7,NA,58714
2608,1997,5.2,34,1,54.97,58692
2609,2011,6.5,53,11,NA,58680
2610,2015,5.5,27,1,7.61,58585
2611,2008,6.5,58,2,7.87,58580
2612,2016,7,66,4,15.43,58506
2613,2009,6.5,66,4,33.31,58486
2614,1988,7.6,74,7,34.7,58475
2615,1986,5.7,25,1,49.04,58455
2616,1997,7.8,NA,7,0.37,58449
2617,2012,5,NA,11,18.12,58435
2618,2011,6.2,50,1,1.1,58383
2619,2014,6.4,45,5,0.02,58291
2620,2008,4.5,33,1,26.64,58220
2621,1998,5.7,52,11,55.04,58154
2622,2006,5.1,50,5,22.53,58095
2623,1984,7.2,67,7,8.4,58078
2624,1976,7.9,69,17,31.8,58040
2625,2012,7.1,67,5,3.33,58036
2626,2013,3.5,11,5,32.02,57994
2627,1967,8,75,6,24.38,57982
2628,2011,6,35,7,21.28,57953
2629,1998,6.8,59,5,11.88,57936
2630,2009,7.7,NA,1,NA,57929
2631,2013,7.8,83,3,5.21,57918
2632,2000,7.4,73,5,19.39,57907
2633,2006,7.7,81,3,0.88,57892
2634,2014,6,55,6,33.63,57874
2635,2014,6.3,38,1,24.98,57848
2636,1992,5.6,NA,5,57.11,57804
2637,2016,6.3,52,1,12.63,57785
2638,1999,6.1,65,1,29.66,57772
2639,2016,4.7,34,5,28.85,57755
2640,1963,8,NA,5,13.47,57719
2641,1999,6.8,70,7,16.64,57699
2642,2014,7,79,6,5.74,57670
2643,1986,7.2,75,6,8.62,57669
2644,2011,7.1,52,4,1.36,57604
2645,1983,4.9,44,1,59.95,57598
2646,2011,6.8,58,5,09.03,57598
2647,1992,6.9,73,1,02.04,57583
2648,2014,7.3,67,3,50.15,57569
2649,2012,5.4,51,1,15.63,57491
2650,1997,6.6,46,6,60.53,57489
2651,2009,6.3,24,1,10.27,57478
2652,2000,6.7,62,7,12.01,57407
2653,2001,7.1,57,1,11.26,57393
2654,2007,6.3,41,3,54.15,57380
2655,2012,7.4,82,5,04.06,57321
2656,2014,6.6,54,5,10.51,57312
2657,2006,7,52,7,9.4,57309
2658,2009,7.3,69,7,0.34,57297
2659,2012,7.5,73,7,02.06,57291
2660,2014,6.1,54,15,0.6,57168
2661,1988,7.3,68,5,42.04,57156
2662,2013,5.6,36,6,19.32,57121
2663,2015,6,58,5,87.04,57114
2664,2001,6.6,58,1,36.85,57087
2665,2010,7.6,84,1,0.8,57045
2666,2012,4.6,40,11,53.92,57041
2667,1992,6.6,NA,11,25.79,57029
2668,1988,6.1,61,1,34.99,57029
2669,1960,8.1,93,5,19.52,57015
2670,2002,5.6,NA,15,NA,56941
2671,1998,7.3,NA,11,NA,56933
2672,2009,6.7,43,6,27.15,56892
2673,2008,4.8,30,1,19.78,56889
2674,1980,5.7,31,2,58.85,56842
2675,2011,6.1,41,5,35.61,56792
2676,1986,7,81,5,38.75,56775
2677,1940,8,96,5,NA,56770
2678,2009,6.3,NA,7,NA,56739
2679,1981,6.9,68,5,85.3,56738
2680,1973,7.6,87,11,0.06,56733
2681,1931,7.9,NA,7,12,56731
2682,1997,6.2,50,1,61.36,56715
2683,1990,6.4,67,5,53.21,56669
2684,1994,5.5,NA,1,57.36,56633
2685,1998,7.5,82,6,16.31,56623
2686,2003,5.5,39,5,104.3,56603
2687,2014,6.7,29,7,26.76,56602
2688,2003,5.6,28,1,19.48,56578
2689,2002,5.5,32,1,38.08,56576
2690,1991,7,60,5,63.71,56539
2691,2007,7.7,78,4,0.87,56513
2692,1994,5.3,49,5,38.09,56508
2693,2008,6.7,45,6,15.71,56427
2694,2015,6.9,67,7,17.74,56422
2695,2015,6.5,41,6,1.21,56416
2696,1985,7.2,60,11,5.8,56337
2697,2013,7.1,77,6,0.26,56249
2698,2016,6.6,59,5,24.25,56247
2699,1973,7.9,93,6,NA,56163
2700,2010,5.6,25,5,32.67,56128
2701,2005,6.7,53,7,4.28,56115
2702,2006,6.8,48,5,10.01,56110
2703,2009,5.8,54,5,23.99,56073
2704,1995,4.7,16,7,20.3,55966
2705,2011,8.1,NA,5,03.08,55946
2706,2014,2.1,NA,1,NA,55914
2707,1989,6.1,36,5,71.08,55880
2708,2004,6.3,59,5,17,55849
2709,2005,6.5,60,5,32.88,55790
2710,1996,6.9,71,5,25.81,55748
2711,2001,7.8,82,3,2.89,55748
2712,1991,6.2,60,2,38.04,55732
2713,2007,5.1,32,11,20.8,55722
2714,1952,8.3,NA,7,0.06,55712
2715,2002,6.1,49,5,9.68,55618
2716,1995,8.2,NA,5,NA,55609
2717,2005,5.6,52,7,25.47,55594
2718,2001,7.5,78,7,0.75,55577
2719,2012,5,16,11,17.53,55568
2720,2003,8,54,5,1.79,55557
2721,1956,7.9,NA,2,93.74,55536
2722,2000,6.6,48,3,22.75,55521
2723,2014,6.8,59,3,111.51,55520
2724,2008,6,30,1,7.95,55486
2725,2008,5.7,41,5,120.15,55448
2726,2009,5.9,33,7,55.39,55377
2727,2004,6.3,53,5,22.92,55368
2728,1996,7.9,76,7,04.04,55307
2729,2018,7,49,1,44.95,55271
2730,1987,8.1,79,7,3.21,55203
2731,2015,7.3,88,3,3.76,55179
2732,1993,5.9,35,7,106.61,55166
2733,2009,7.1,47,2,8.86,55067
2734,2007,7,74,4,33.23,55044
2735,1980,6.8,55,11,21.38,54989
2736,2006,7.3,64,2,81.61,54952
2737,1994,7.4,NA,4,03.05,54951
2738,2003,6.5,34,1,26.54,54905
2739,2002,7.1,52,3,73.28,54865
2740,1996,6.7,NA,3,28.93,54825
2741,1987,6.5,67,5,63.77,54808
2742,2018,6.6,56,5,54.55,54802
2743,1989,7.2,62,5,49.8,54780
2744,2017,6.6,77,7,NA,54746
2745,2015,6.4,58,2,43.04,54679
2746,2008,6.7,64,6,20.21,54673
2747,2013,7,78,5,17.54,54624
2748,2004,5.3,42,5,59.48,54609
2749,2011,6.7,68,7,3.41,54565
2750,2005,6.3,56,5,60.06,54555
2751,1993,7.9,84,7,22.95,54531
2752,1983,6.2,68,1,55.5,54508
2753,1995,5.9,51,1,50.73,54474
2754,2007,6.8,56,6,36.79,54438
2755,2008,5.7,41,5,32.85,54426
2756,1955,8.1,NA,6,NA,54408
2757,1999,6.6,48,5,26.49,54406
2758,2012,6.8,58,7,35.76,54396
2759,2002,7.7,56,1,0.05,54334
2760,2002,6.7,58,7,35.17,54333
2761,2014,5.7,41,1,10.51,54330
2762,2005,7.5,58,5,1.71,54193
2763,2007,7,73,6,4.6,54177
2764,1955,7.5,NA,13,8.75,54135
2765,2012,6.2,36,7,0.05,54132
2766,2011,4.9,18,1,21.43,54126
2767,2003,4.7,47,5,90.19,54112
2768,2004,6.4,33,6,4.48,54111
2769,2000,5.9,48,1,69.24,54106
2770,2012,7.1,NA,1,0.07,54064
2771,2008,6.1,58,11,0.08,54029
2772,2015,5.8,36,2,35.09,53950
2773,1997,7.6,69,6,NA,53922
2774,2006,2.8,11,5,48.55,53799
2775,2010,6.3,51,5,17.8,53780
2776,1998,6.7,58,5,91.14,53760
2777,2016,6.8,58,1,27.55,53725
2778,1998,5.5,35,11,38.07,53695
2779,2009,7.3,81,7,0.37,53668
2780,1992,6.6,49,2,58.88,53613
2781,2010,6.5,37,7,31.16,53578
2782,2003,7.1,65,5,1.97,53577
2783,2003,5.9,41,5,35.99,53503
2784,2009,6.6,45,2,0.69,53488
2785,1997,7.1,72,6,45.86,53469
2786,1968,7.5,83,1,42.3,53403
2787,1998,6.7,16,5,17.28,53340
2788,2018,5.9,51,1,67.8,53287
2789,1994,7.7,88,5,1.46,53268
2790,2000,6.9,49,6,0.63,53219
2791,2011,5.9,36,5,39.05,53130
2792,2000,6.5,30,5,44.74,53128
2793,1985,6.5,30,2,15.5,53124
2794,2006,5.8,45,6,48.75,53106
2795,1994,6.7,65,6,92.12,52958
2796,1990,6.4,65,1,33.88,52947
2797,2001,6.2,53,7,91.06,52943
2798,2010,7.8,NA,1,0.01,52925
2799,2007,7,73,4,04.02,52922
2800,2004,7.3,70,1,61.19,52903
2801,2003,5.6,36,11,35.67,52899
2802,2007,7.1,55,4,18.67,52886
2803,2013,8.3,NA,5,1.43,52825
2804,2006,5.5,43,11,54.61,52759
2805,2007,6.2,46,5,25.93,52690
2806,1984,7.2,68,5,20.5,52683
2807,2005,7.3,NA,3,NA,52647
2808,2012,5.9,45,11,49.13,52604
2809,2013,6.4,35,5,29.81,52579
2810,2011,6.8,75,4,9.2,52568
2811,1983,7.2,69,11,20.77,52559
2812,2002,5.1,66,1,85.85,52554
2813,2013,6.1,71,5,0.34,52508
2814,1959,8.1,NA,6,11.9,52500
2815,1985,5.4,43,11,30,52471
2816,1996,8.3,NA,6,NA,52466
2817,2008,7,60,1,23.53,52443
2818,2011,6.6,36,7,1.43,52426
2819,1990,6.1,NA,1,103.74,52397
2820,1998,6.6,38,5,6.94,52391
2821,1943,7.9,94,16,NA,52382
2822,2007,7.6,65,4,30.23,52376
2823,2001,4.8,43,5,57.74,52332
2824,2006,7.1,53,7,43.55,52331
2825,2009,7.3,64,4,11,52330
2826,2013,8.2,NA,4,1.63,52302
2827,1998,6.2,26,5,30.32,52293
2828,2000,6.2,45,1,32.6,52241
2829,1930,8.1,NA,7,3.27,52219
2830,2010,6.2,45,7,42.4,52165
2831,2017,6.2,45,1,36.25,52142
2832,1981,7.4,56,2,34.97,52124
2833,2017,7.3,59,6,NA,52115
2834,1997,6.1,53,1,42.87,52080
2835,2008,5.4,24,1,15.28,52018
2836,2016,5.8,42,5,54.73,51986
2837,2010,6.2,45,1,57.74,51973
2838,1981,7,79,2,42.37,51859
2839,1954,8.1,NA,7,NA,51811
2840,2004,6.5,47,1,74.54,51766
2841,2017,6.8,72,4,25.11,51764
2842,2017,6.8,59,3,152.9,51739
2843,2015,5.3,34,1,28.78,51699
2844,2017,5.8,39,11,38.05,51617
2845,2001,5.1,47,1,93.39,51613
2846,2000,5.7,34,1,17.48,51563
2847,2012,5.8,55,11,0.1,51529
2848,2003,6.5,63,6,40.91,51526
2849,1946,8.1,92,7,23.65,51482
2850,2006,5.5,33,2,71.73,51457
2851,2007,6.2,44,5,90.65,51447
2852,2016,7.2,89,6,NA,51445
2853,1989,6.5,36,1,30.05,51422
2854,1996,5.8,31,5,58.62,51419
2855,1954,7.7,72,5,NA,51414
2856,1994,7.3,67,6,2.88,51409
2857,2001,5.7,44,5,93.61,51380
2858,1985,7.1,NA,11,24.92,51375
2859,1994,7.2,53,9,8.95,51345
2860,2007,6.8,55,7,9.74,51311
2861,2005,6.5,45,3,51.39,51244
2862,1996,6.8,NA,2,38.62,51235
2863,2008,8,91,3,2.28,51234
2864,2004,6.5,66,5,45.49,51227
2865,2015,6.2,49,1,42.59,51203
2866,1992,6.5,46,5,50.75,51182
2867,2011,7.2,75,5,10.18,51179
2868,1933,8,NA,5,NA,51170
2869,2008,4.7,57,5,90.56,51011
2870,1973,7.1,66,6,NA,50970
2871,2003,5.9,50,5,9.69,50933
2872,2009,6.4,29,11,7.71,50927
2873,1976,7.5,64,6,21.71,50870
2874,1985,6.7,65,5,76.11,50838
2875,2011,5.2,30,5,80.36,50822
2876,2004,7.9,56,7,3.64,50784
2877,1971,7.5,NA,6,NA,50778
2878,2014,7.4,77,7,3.59,50762
2879,2007,7.9,97,7,1.19,50743
2880,2002,5.1,32,5,24.72,50686
2881,1983,7.9,91,2,21.5,50678
2882,2010,7.3,83,6,01.04,50628
2883,2010,4.7,33,1,10.54,50615
2884,1993,7.2,57,5,23.2,50615
2885,2017,6.4,48,1,30.35,50585
2886,2013,6.4,37,6,NA,50585
2887,2007,7.2,68,11,0.04,50548
2888,2011,5.9,42,2,23.07,50547
2889,2011,5.2,24,11,17.69,50465
2890,2015,5.4,40,5,20.99,50429
2891,2006,7.3,62,5,0.32,50397
2892,1977,6.9,74,3,71.22,50368
2893,1986,7.5,NA,2,17.22,50366
2894,2018,6,NA,5,NA,50364
2895,1982,8.1,NA,7,4.97,50346
2896,2017,6.9,84,6,2.52,50336
2897,1994,5.8,48,1,44.85,50322
2898,2015,4.9,47,11,47.43,50302
2899,2000,7.5,78,5,18.62,50285
2900,2009,6,61,2,0.02,50281
2901,2012,6.5,43,7,35.07,50274
2902,2012,4.4,NA,5,0.05,50264
2903,2005,5.5,31,5,82.93,50221
2904,2004,7.5,81,6,5.21,50212
2905,2016,7.4,90,5,2.14,50194
2906,2015,8.3,NA,6,0.74,50166
2907,2004,5.5,24,5,16.32,50148
2908,1997,5.9,43,1,41.26,50094
2909,1989,5.4,43,1,52.21,50082
2910,1986,6.6,50,5,40.7,50039
2911,1994,8.1,77,6,0.6,50017
2912,2004,6.5,58,1,1.49,49992
2913,1997,7.5,72,7,7.84,49980
2914,1998,8.1,58,7,0.26,49978
2915,1985,6.2,47,2,49.4,49941
2916,1956,7.5,78,7,10.25,49939
2917,2002,6.8,NA,1,NA,49816
2918,2009,7.5,83,5,2.38,49787
2919,1938,8,NA,5,NA,49782
2920,1993,5.5,NA,5,51.27,49770
2921,2000,6.7,47,7,30.7,49738
2922,1995,8.1,NA,5,NA,49733
2923,2012,8.2,NA,13,01.04,49701
2924,2014,6.1,37,1,NA,49691
2925,2016,6.4,66,1,NA,49677
2926,1999,5.3,37,7,10.67,49662
2927,2009,5.5,51,11,51.55,49659
2928,2012,6.5,41,5,3.3,49657
2929,2011,7.1,55,7,0,49655
2930,2000,7.3,67,7,34.59,49651
2931,2018,5.6,46,11,117.15,49650
2932,2006,5.4,29,5,17.32,49573
2933,2009,5.7,52,1,67.17,49565
2934,2005,6.5,66,5,39.01,49533
2935,1973,7.2,58,1,NA,49521
2936,1999,5.6,28,11,40.85,49512
2937,2017,7.2,88,5,08.04,49486
2938,2014,4.2,22,1,18.85,49465
2939,2001,6,33,7,16.25,49427
2940,1990,6.5,NA,5,8.27,49312
2941,1959,8,NA,1,12.54,49307
2942,2014,6.8,61,3,50.84,49298
2943,2004,7,40,7,12.83,49246
2944,2006,7.8,NA,3,NA,49226
2945,2003,7.2,65,7,NA,49181
2946,1981,6.1,26,11,21.72,49168
2947,2010,5.1,NA,11,NA,49108
2948,2016,6.3,36,1,14.27,49102
2949,2008,5.9,35,3,35.16,49082
2950,2008,7.3,NA,1,2.43,49063
2951,2009,7.1,58,5,9.45,49051
2952,1996,6.4,NA,1,17.6,49008
2953,1999,5.7,34,1,31.77,49007
2954,2004,6.1,47,1,21.01,48986
2955,1966,7.6,NA,7,NA,48948
2956,1988,5.5,41,1,109.31,48931
2957,2005,5,35,1,32.12,48890
2958,2016,5.9,34,1,14.9,48878
2959,2001,6.9,27,7,27.81,48869
2960,1989,8,77,5,18.25,48861
2961,1950,8,NA,5,NA,48844
2962,2000,7.3,79,6,6.95,48843
2963,2005,5.5,34,2,82.57,48842
2964,2001,6.5,58,11,0.38,48822
2965,1993,7.5,NA,4,22.75,48697
2966,2001,6.3,29,5,31.16,48634
2967,2002,5.3,30,7,30.34,48617
2968,1988,6.9,50,1,45.66,48594
2969,2005,6.5,57,2,11.29,48502
2970,2007,6.7,52,7,0.87,48458
2971,2002,6.1,50,6,31.87,48421
2972,1992,7.6,47,4,9.49,48380
2973,2001,6.8,71,6,19.72,48367
2974,2002,5.4,53,1,17.32,48321
2975,2001,6.7,42,5,0.29,48305
2976,2000,7.3,70,4,07.06,48294
2977,1982,7.2,66,2,40.58,48267
2978,2005,7.1,56,4,11.01,48262
2979,2011,6,53,3,99.97,48245
2980,2011,5.7,36,5,33.04,48239
2981,2010,6.3,57,6,0.58,48237
2982,1995,6.6,54,7,32.05,48169
2983,2006,7,72,7,0.75,48167
2984,1992,7.1,NA,5,51.43,48161
2985,2006,6.8,49,1,14.73,48146
2986,1987,6.8,66,1,25.89,48133
2987,1991,7.8,68,5,02.02,48129
2988,2005,7.8,68,4,5.13,48105
2989,2003,5.8,62,5,33.83,48098
2990,2008,5.4,36,7,31.42,48084
2991,1980,7.3,73,5,30.03,48051
2992,2014,5.5,31,1,7.79,48048
2993,2017,7,43,2,64.51,48007
2994,2015,6.6,53,5,04.03,48005
2995,1994,6.2,NA,7,65.01,47996
2996,1992,7.6,86,5,21.71,47941
2997,1974,7.3,63,6,NA,47862
2998,2001,6.2,47,5,40.34,47840
2999,1920,8.1,NA,9,NA,47836
3000,2014,6.2,31,7,0.02,47835
,,,,,,
,,,,,,
,,,,,,
,,,,,,
,,,,,,
,,,,,,
,,,,,,
,,,,,,
,,,,,,
,,,,,,
,,,,,,
,,,,,,
,,,,,,
,,,,,,
,,,,,,
,,,,,,
,,,,,,
,,,,,,
,,,,,,
,,,,,,
,,,,,,
,,,,,,
,,,,,,
,,,,,,
,,,,,,
,,,,,,
,,,,,,
,,,,,,
,,,,,,
,,,,,,
,,,,,,
,,,,,,
,,,,,,
,,,,,,
,,,,,,
,,,,,,
,,,,,,
,,,,,,
,,,,,,
,,,,,,
,,,,,,
,,,,,,
,,,,,,
,,,,,,
,,,,,,
,,,,,,
,,,,,,
,,,,,,
,,,,,,
,,,,,,
,,,,,,
,,,,,,
,,,,,,
,,,,,,
,,,,,,
,,,,,,
,,,,,,
,,,,,,
,,,,,,
,,,,,,
,,,,,,
,,,,,,
,,,,,,
,,,,,,
,,,,,,
,,,,,,
,,,,,,
,,,,,,
,,,,,,
,,,,,,
,,,,,,
,,,,,,
,,,,,,
,,,,,,
,,,,,,
,,,,,,
,,,,,,
,,,,,,
,,,,,,
,,,,,,
,,,,,,
,,,,,,
,,,,,,
,,,,,,
,,,,,,
,,,,,,
,,,,,,
,,,,,,
,,,,,,
,,,,,,
,,,,,,
,,,,,,
,,,,,,
,,,,,,
,,,,,,
,,,,,,
,,,,,,
,,,,,,
,,,,,,
,,,,,,
,,,,,,
,,,,,,
,,,,,,
,,,,,,
,,,,,,
,,,,,,
,,,,,,
,,,,,,
,,,,,,
,,,,,,
,,,,,,
,,,,,,
,,,,,,
,,,,,,
,,,,,,
,,,,,,
,,,,,,
,,,,,,
,,,,,,
,,,,,,
,,,,,,
,,,,,,
,,,,,,
,,,,,,
,,,,,,
,,,,,,
,,,,,,
,,,,,,
,,,,,,
,,,,,,
,,,,,,
,,,,,,
,,,,,,
,,,,,,
,,,,,,
,,,,,,
,,,,,,
,,,,,,
,,,,,,
,,,,,,
,,,,,,
,,,,,,
,,,,,,
,,,,,,
,,,,,,
,,,,,,
,,,,,,
,,,,,,
,,,,,,
,,,,,,
,,,,,,
,,,,,,
,,,,,,
,,,,,,
,,,,,,
,,,,,,
,,,,,,
,,,,,,
,,,,,,
,,,,,,
,,,,,,
,,,,,,
,,,,,,
,,,,,,
,,,,,,
,,,,,,
,,,,,,
,,,,,,
,,,,,,
,,,,,,
,,,,,,
,,,,,,
,,,,,,
,,,,,,
,,,,,,
,,,,,,
,,,,,,
,,,,,,
,,,,,,
,,,,,,
,,,,,,
,,,,,,
,,,,,,
,,,,,,
,,,,,,
,,,,,,
,,,,,,
,,,,,,
,,,,,,
,,,,,,
,,,,,,
,,,,,,
,,,,,,
,,,,,,
,,,,,,
,,,,,,
,,,,,,
,,,,,,
,,,,,,
,,,,,,
,,,,,,
,,,,,,
,,,,,,
,,,,,,
,,,,,,
,,,,,,
,,,,,,
,,,,,,
,,,,,,
,,,,,,
,,,,,,
,,,,,,
,,,,,,
,,,,,,
,,,,,,
,,,,,,
,,,,,,
,,,,,,
,,,,,,
,,,,,,
,,,,,,
,,,,,,
,,,,,,
,,,,,,
,,,,,,
,,,,,,
,,,,,,
,,,,,,
,,,,,,
,,,,,,
,,,,,,
,,,,,,
,,,,,,
,,,,,,
,,,,,,
,,,,,,
,,,,,,
,,,,,,
,,,,,,
,,,,,,
,,,,,,
,,,,,,
,,,,,,
,,,,,,
,,,,,,
,,,,,,
,,,,,,
,,,,,,
,,,,,,
,,,,,,
,,,,,,
,,,,,,
,,,,,,
,,,,,,
,,,,,,
,,,,,,
,,,,,,
,,,,,,
,,,,,,
,,,,,,
,,,,,,
,,,,,,
,,,,,,
,,,,,,
,,,,,,
,,,,,,
,,,,,,
,,,,,,
,,,,,,
,,,,,,
,,,,,,
,,,,,,
,,,,,,
,,,,,,
,,,,,,
,,,,,,
,,,,,,
,,,,,,
,,,,,,
,,,,,,
,,,,,,
,,,,,,
,,,,,,
,,,,,,
,,,,,,
,,,,,,
,,,,,,
,,,,,,
,,,,,,
,,,,,,
,,,,,,
,,,,,,
,,,,,,
,,,,,,
,,,,,,
,,,,,,
,,,,,,
,,,,,,
,,,,,,
,,,,,,
,,,,,,
,,,,,,
,,,,,,
,,,,,,
,,,,,,
,,,,,,
,,,,,,
,,,,,,
,,,,,,
,,,,,,
,,,,,,
,,,,,,
,,,,,,
,,,,,,
,,,,,,
,,,,,,
,,,,,,
,,,,,,
,,,,,,
,,,,,,
,,,,,,
,,,,,,
,,,,,,
,,,,,,
,,,,,,
,,,,,,
,,,,,,
,,,,,,
,,,,,,
,,,,,,
,,,,,,
,,,,,,
,,,,,,
,,,,,,
,,,,,,
,,,,,,
,,,,,,
,,,,,,
,,,,,,
,,,,,,
,,,,,,
,,,,,,
,,,,,,
,,,,,,
,,,,,,
,,,,,,
,,,,,,
,,,,,,
,,,,,,
,,,,,,
,,,,,,
,,,,,,
,,,,,,
,,,,,,
,,,,,,
,,,,,,
,,,,,,
,,,,,,
,,,,,,
,,,,,,
,,,,,,
,,,,,,
,,,,,,
,,,,,,
,,,,,,
,,,,,,
,,,,,,
,,,,,,
,,,,,,
,,,,,,
,,,,,,
,,,,,,
,,,,,,
,,,,,,
,,,,,,
,,,,,,
,,,,,,
,,,,,,
,,,,,,
,,,,,,
,,,,,,
,,,,,,
,,,,,,
,,,,,,
,,,,,,
,,,,,,
,,,,,,
,,,,,,
,,,,,,
,,,,,,
,,,,,,
,,,,,,
,,,,,,
,,,,,,
,,,,,,
,,,,,,
,,,,,,
,,,,,,
,,,,,,
,,,,,,
,,,,,,
,,,,,,
,,,,,,
,,,,,,
,,,,,,
,,,,,,
,,,,,,
,,,,,,
,,,,,,
,,,,,,
,,,,,,
,,,,,,
,,,,,,
,,,,,,
,,,,,,
,,,,,,
,,,,,,
,,,,,,
,,,,,,
,,,,,,
,,,,,,
,,,,,,
,,,,,,
,,,,,,
,,,,,,
,,,,,,
,,,,,,
,,,,,,
,,,,,,
,,,,,,
,,,,,,
,,,,,,
,,,,,,
,,,,,,
,,,,,,
,,,,,,
,,,,,,
,,,,,,
,,,,,,
,,,,,,
,,,,,,
,,,,,,
,,,,,,
,,,,,,
,,,,,,
,,,,,,
,,,,,,
,,,,,,
,,,,,,
,,,,,,
,,,,,,
,,,,,,
,,,,,,
,,,,,,
,,,,,,
,,,,,,
,,,,,,
,,,,,,
,,,,,,
,,,,,,
,,,,,,
,,,,,,
,,,,,,
,,,,,,
,,,,,,
,,,,,,
,,,,,,
,,,,,,
,,,,,,
,,,,,,
,,,,,,
,,,,,,
,,,,,,
,,,,,,
,,,,,,
,,,,,,
,,,,,,
,,,,,,
,,,,,,
,,,,,,
,,,,,,
,,,,,,
,,,,,,
,,,,,,
,,,,,,
,,,,,,
,,,,,,
,,,,,,
,,,,,,
,,,,,,
,,,,,,
,,,,,,
,,,,,,
,,,,,,
,,,,,,
,,,,,,
,,,,,,
,,,,,,
,,,,,,
,,,,,,
,,,,,,
,,,,,,
,,,,,,
,,,,,,
,,,,,,
,,,,,,
,,,,,,
,,,,,,
,,,,,,
,,,,,,
,,,,,,
,,,,,,
,,,,,,
,,,,,,
,,,,,,
,,,,,,
,,,,,,
,,,,,,
,,,,,,
,,,,,,
,,,,,,
,,,,,,
,,,,,,
,,,,,,
,,,,,,
,,,,,,
,,,,,,
,,,,,,
,,,,,,
,,,,,,
,,,,,,
,,,,,,
,,,,,,
,,,,,,
,,,,,,
,,,,,,
,,,,,,
,,,,,,
,,,,,,
,,,,,,
,,,,,,
,,,,,,
,,,,,,
,,,,,,
,,,,,,
,,,,,,
,,,,,,
,,,,,,
,,,,,,
,,,,,,
,,,,,,
,,,,,,
,,,,,,
,,,,,,
,,,,,,
,,,,,,
,,,,,,
,,,,,,
,,,,,,
,,,,,,
,,,,,,
,,,,,,
,,,,,,
,,,,,,
,,,,,,
,,,,,,
,,,,,,
,,,,,,
,,,,,,
,,,,,,
,,,,,,
,,,,,,
,,,,,,
,,,,,,
,,,,,,
,,,,,,
,,,,,,
,,,,,,
,,,,,,
,,,,,,
,,,,,,
,,,,,,
,,,,,,
,,,,,,
,,,,,,
,,,,,,
,,,,,,
,,,,,,
,,,,,,
,,,,,,
,,,,,,
,,,,,,
,,,,,,
,,,,,,
,,,,,,
,,,,,,
,,,,,,
,,,,,,
,,,,,,
,,,,,,
,,,,,,
,,,,,,
,,,,,,
,,,,,,
,,,,,,
,,,,,,
,,,,,,
,,,,,,
,,,,,,
,,,,,,
,,,,,,
,,,,,,
,,,,,,
,,,,,,
,,,,,,
,,,,,,
,,,,,,
,,,,,,
,,,,,,
,,,,,,
,,,,,,
,,,,,,
,,,,,,
,,,,,,
,,,,,,
,,,,,,
,,,,,,
,,,,,,
,,,,,,
,,,,,,
,,,,,,
,,,,,,
,,,,,,
,,,,,,
,,,,,,
,,,,,,
,,,,,,
,,,,,,
,,,,,,
,,,,,,
,,,,,,
,,,,,,
,,,,,,
,,,,,,
,,,,,,
,,,,,,
,,,,,,
,,,,,,
,,,,,,
,,,,,,
,,,,,,
,,,,,,
,,,,,,
,,,,,,
,,,,,,
,,,,,,
,,,,,,
,,,,,,
,,,,,,
,,,,,,
,,,,,,
,,,,,,
,,,,,,
,,,,,,
,,,,,,
,,,,,,
,,,,,,
,,,,,,
,,,,,,
,,,,,,
,,,,,,
,,,,,,
,,,,,,
,,,,,,
,,,,,,
,,,,,,
,,,,,,
,,,,,,
,,,,,,
,,,,,,
,,,,,,
,,,,,,
,,,,,,
,,,,,,
,,,,,,
,,,,,,
,,,,,,
,,,,,,
,,,,,,
,,,,,,
,,,,,,
,,,,,,
,,,,,,
,,,,,,
,,,,,,
,,,,,,
,,,,,,
,,,,,,
,,,,,,
,,,,,,
,,,,,,
,,,,,,
,,,,,,
,,,,,,
,,,,,,
,,,,,,
,,,,,,
,,,,,,
,,,,,,
,,,,,,
,,,,,,
,,,,,,
,,,,,,
,,,,,,
,,,,,,
,,,,,,
,,,,,,
,,,,,,
,,,,,,
,,,,,,
,,,,,,
,,,,,,
,,,,,,
,,,,,,
,,,,,,
,,,,,,
,,,,,,
,,,,,,
,,,,,,
,,,,,,
,,,,,,
,,,,,,
,,,,,,
,,,,,,
,,,,,,
,,,,,,
,,,,,,
,,,,,,
,,,,,,
,,,,,,
,,,,,,
,,,,,,
,,,,,,
,,,,,,
,,,,,,
,,,,,,
,,,,,,
,,,,,,
,,,,,,
,,,,,,
,,,,,,
,,,,,,
,,,,,,
,,,,,,
,,,,,,
,,,,,,
,,,,,,
,,,,,,
,,,,,,
,,,,,,
,,,,,,
,,,,,,
,,,,,,
,,,,,,
,,,,,,
,,,,,,
,,,,,,
,,,,,,
,,,,,,
,,,,,,
,,,,,,
,,,,,,
,,,,,,
,,,,,,
,,,,,,
,,,,,,
,,,,,,
,,,,,,
,,,,,,
,,,,,,
,,,,,,
,,,,,,
,,,,,,
,,,,,,
,,,,,,
,,,,,,
,,,,,,
,,,,,,
,,,,,,
,,,,,,
,,,,,,
,,,,,,
,,,,,,
,,,,,,
,,,,,,
,,,,,,
,,,,,,
,,,,,,
,,,,,,
,,,,,,
,,,,,,
,,,,,,
,,,,,,
,,,,,,
,,,,,,
,,,,,,
,,,,,,
,,,,,,
,,,,,,
,,,,,,
,,,,,,
,,,,,,
,,,,,,
,,,,,,
,,,,,,
,,,,,,
,,,,,,
,,,,,,
,,,,,,
,,,,,,
,,,,,,
,,,,,,
,,,,,,
,,,,,,
,,,,,,
,,,,,,
,,,,,,
,,,,,,
,,,,,,
,,,,,,
,,,,,,
,,,,,,
,,,,,,
,,,,,,
,,,,,,
,,,,,,
,,,,,,
,,,,,,
,,,,,,
,,,,,,
,,,,,,
,,,,,,
,,,,,,
,,,,,,
,,,,,,
,,,,,,
,,,,,,
,,,,,,
,,,,,,
,,,,,,
,,,,,,
,,,,,,
,,,,,,
,,,,,,
,,,,,,
,,,,,,
,,,,,,
,,,,,,
,,,,,,
,,,,,,
,,,,,,
,,,,,,
,,,,,,
,,,,,,
,,,,,,
,,,,,,
,,,,,,
,,,,,,
,,,,,,
,,,,,,
,,,,,,
,,,,,,
,,,,,,
,,,,,,
,,,,,,
,,,,,,
,,,,,,
,,,,,,
,,,,,,
,,,,,,
,,,,,,
,,,,,,
,,,,,,
,,,,,,
,,,,,,
,,,,,,
,,,,,,
,,,,,,
,,,,,,
,,,,,,
,,,,,,
,,,,,,
,,,,,,
,,,,,,
,,,,,,
,,,,,,
,,,,,,
,,,,,,
,,,,,,
,,,,,,
,,,,,,
,,,,,,
,,,,,,
,,,,,,
,,,,,,
,,,,,,
,,,,,,
,,,,,,
,,,,,,
,,,,,,
,,,,,,
,,,,,,
,,,,,,
,,,,,,
,,,,,,
,,,,,,
,,,,,,
,,,,,,
,,,,,,
,,,,,,
,,,,,,
,,,,,,
,,,,,,
,,,,,,
,,,,,,
,,,,,,
,,,,,,
,,,,,,
,,,,,,
,,,,,,
,,,,,,
,,,,,,
,,,,,,
,,,,,,
,,,,,,
,,,,,,
,,,,,,
,,,,,,
,,,,,,
,,,,,,
,,,,,,
,,,,,,
,,,,,,
,,,,,,
,,,,,,
,,,,,,
,,,,,,
,,,,,,
,,,,,,
,,,,,,
,,,,,,
,,,,,,
,,,,,,
,,,,,,
,,,,,,
,,,,,,
,,,,,,
,,,,,,
,,,,,,
,,,,,,
,,,,,,
,,,,,,
,,,,,,
,,,,,,
,,,,,,
,,,,,,
,,,,,,
,,,,,,
,,,,,,
,,,,,,
,,,,,,
,,,,,,
,,,,,,
,,,,,,
,,,,,,
,,,,,,
,,,,,,
,,,,,,
,,,,,,
,,,,,,
,,,,,,
,,,,,,
,,,,,,
,,,,,,
,,,,,,
,,,,,,
,,,,,,
,,,,,,
,,,,,,
,,,,,,
,,,,,,
,,,,,,
,,,,,,
,,,,,,
,,,,,,
,,,,,,
,,,,,,
,,,,,,
,,,,,,
,,,,,,
,,,,,,
,,,,,,
,,,,,,
,,,,,,
